,格量,品赋,象限,宽德,中信资管,平方和,致远三号,黑翼CTA三号,fof,沪深300,组合基金
2018-01-02,,,,0.9998484389208852,,,1.0015942458846212,1.0005667451390705,1.0006066275922456,,
2018-01-03,1.0001111111111112,,,0.9996968548675276,,,1.0031859541948192,1.0011331692600238,1.0010561684409027,1.005869256740226,1.0001530612244898
2018-01-04,1.0002222098779148,,,0.9995452478329612,,,1.004775132995913,1.0016992727263188,1.0015050993091945,1.010106266607935,1.0003060990248265
2018-01-05,1.0003332963031537,,,0.9993936178102166,,,1.0063617903148312,1.0022650559007975,1.0019534219624207,1.0125137399477109,1.0016832284749948
2018-01-08,1.0004443703895693,,0.9992612815159788,0.9994502349368976,,1.00038240917782,1.0080269833593345,1.0012385226254605,1.0020514823196414,1.0176867994463517,1.0017850977766807
2018-01-09,1.0005554321399024,,0.9985220169235386,0.9995068488582607,,1.0007646721747616,1.009689408145647,1.0002109344967158,1.0021489066765714,1.0246913377333406,1.0019888156274572
2018-01-10,1.000666481556893,,0.9977822054146447,0.9995634595746693,,1.0011467891025414,1.0113490738625344,0.9991822893444239,1.0022456959135877,1.0291097369885862,1.0022434110752907
2018-01-11,1.00077751864328,,0.997041846179468,0.999620067086486,,1.0015287600727474,1.0130059896530885,0.9981525849917414,1.0023418509035678,1.0285821466268539,1.0021925049461928
2018-01-12,1.000888543401801,,0.9963009384063791,0.9996766713940738,,1.0019105851968402,1.0146601646150277,0.9971218192550934,1.0024373725119275,1.0331974324725972,1.0043815799347384
2018-01-15,1.0009995558351934,,0.9970746327970953,0.999605920014422,,1.0028647836701219,1.0129648778046514,0.9993778528332676,1.0028296233110945,1.0332542372063251,1.0041275923293336
2018-01-16,1.0013325561681936,,0.997847729047579,0.9995351636286581,,1.0038180725166417,1.0112667121163819,1.0016288081805955,1.0032664335451107,1.0411188792148263,1.004076781903034
2018-01-17,1.0016654456488863,,0.9986202280819557,0.9994644022360739,,1.004770453469022,1.0095656577559635,1.0038747081074733,1.0037018540292093,1.038688428841805,1.0041784079192941
2018-01-18,1.0019982243510492,,0.999392130822211,0.9993936358359607,,1.0057219282549394,1.0078617048790743,1.006115575270952,1.0041358870304264,1.0441732079911699,1.004127600074563
2018-01-19,1.0012497213570373,,1.000163438188197,0.9993228644276098,,1.006672498597144,1.0061548435909824,1.0083514321761102,1.0043448442366198,1.0474461242578914,1.004229220927162
2018-01-22,1.0005006576866253,,1.0005969641997559,0.9987424978057681,,1.0076221662134786,1.005977969834626,1.0106514754100058,1.0046389329442997,1.0593936670776984,1.004432441980863
2018-01-23,0.999751032499219,,1.001030302347956,0.998161794162915,,1.0085709328168946,1.0058010647884097,1.0129462405847875,1.0049319027163293,1.0700033613082014,1.0050419812707498
2018-01-24,0.9990008449523323,,1.0014634527955435,0.9975807531074043,,1.0095188001154731,1.0056241284412604,1.0152357518688073,1.0052237570187579,1.0716644719249344,1.0052450372634398
2018-01-25,0.9979998439513313,,1.001896415705053,0.9969993742469069,,1.010465769812443,1.0054471607821003,1.0175200332647951,1.0054627233794018,1.0660128496747183,1.0051435298787776
2018-01-26,0.9986260964563414,,1.002329191238808,0.9964176571884088,,1.0114118436061992,1.0052701617998443,1.0197991086113687,1.0060373709687949,1.0697287036796852,1.007072365978468
2018-01-29,0.999251957014609,,1.0042678277845107,0.9968861410044224,,1.0123570231903205,1.0079256165464696,1.0227397822307909,1.007482464747464,1.0516336177462864,1.0067683992121679
2018-01-30,0.9998774261164354,,1.00620271329046,0.9973544054461235,,1.0133013102535882,1.0105740385283721,1.0256718336439716,1.0089245783613674,1.0409595623025645,1.006312310426884
2018-01-31,1.0005025042512021,,1.0081338622442884,0.9978224507188661,,1.0142447064800035,1.013215464898612,1.0285953132645993,1.0103637263720429,1.0456117086337127,1.0055011159430067
2018-02-01,1.001127191907374,,1.0100612890498581,0.9982902770277166,,1.0151872135488067,1.0158499325166142,1.0315102710655006,1.0117999232269392,1.0385956418407567,1.0055011159430067
2018-02-02,1.0017514895725006,,1.011985008027903,0.9987578845774528,,1.0161288331344944,1.018477477951254,1.0344167565837679,1.0132331832606418,1.04456139703989,1.0035222241224262
2018-02-05,1.0023753977332193,,1.0117469883516104,0.9977522900728144,,1.0149999526076843,1.0177495169699626,1.0328160826157813,1.012601306528848,1.0452450408614589,1.0033696998456456
2018-02-06,1.002998916875257,,1.011508912008464,0.996745683329967,,1.0138697962693919,1.0170210256754335,1.0312128423828895,1.0119684758952605,1.0159386290602823,1.0025561129443945
2018-02-07,1.0036635895239776,,1.0112707789714748,0.9957380623090057,,1.0127383612326208,1.0162920032944465,1.0296070276432006,1.0113432841689236,0.9922238523368694,1.0007240518756921
2018-02-08,1.0043278206764188,,1.011032589213635,0.9947294249638529,,1.011605644600566,1.0155624490520885,1.0279986301150534,1.0107171232821366,0.9827311971091197,0.9999083080192632
2018-02-09,1.0049916109187023,,1.010794342707918,0.9937197692422335,,1.0104716434665655,1.0148323621717497,1.0263876414767628,1.010089991142282,0.9400098950316281,0.9901113899664008
2018-02-12,1.006981660669946,,1.0096663738462126,0.992253577071415,,1.0131206500890824,1.0157091065277082,1.0249439047464017,1.010563216398973,0.9528853197644208,0.9895445549669161
2018-02-13,1.0079747093293303,,1.0085371312340032,0.9907852320245848,,1.0157626580151062,1.0165850828763467,1.0234980806266536,1.0108277768384566,0.9645893890685519,0.9899054727292261
2018-02-14,1.0099588363134573,,1.0074066119912914,0.9893147277701161,,1.0183977041284134,1.0174602925620007,1.0220501630727827,1.0112950047304754,0.9725499951214581,0.9896477673380293
2018-02-22,1.0119390343332593,,1.0062748132282988,0.9878420579484093,,1.0210258250219744,1.0201564960160558,1.0206001460137584,1.0120103190373648,0.9941710853265523,0.9907819633477215
2018-02-23,1.010950892040769,,1.0051417320454252,0.9863672161717262,,1.0236470570010048,1.0228454495044277,1.019148023352103,1.0121082268929233,0.9987013649158661,0.9944381763350021
2018-02-26,1.0139182510912144,,1.004742307217178,0.9873423362692383,,1.0232735742745813,1.0229179290289623,1.0201574331040277,1.0129071481420455,1.0103272439801954,0.9953104185104766
2018-02-27,1.0134251544442716,,1.0043427227849873,0.9883165064338445,,1.0228999520066944,1.0229904033005957,1.0211658249753637,1.012989757251603,0.9958945246363692,0.9954642094573163
2018-02-28,1.0129318145330726,,1.0039429786212524,0.989289728514536,,1.0225261900930334,1.0230628723200903,1.0221732010168882,1.0130719608048249,0.9871879037611739,0.9950541633271267
2018-03-01,1.015893315026656,,1.003543074598218,0.9902620043549112,,1.0221522884291714,1.023135336088206,1.0231795632731866,1.013868604259505,0.9935130223105473,0.9950028865350027
2018-03-02,1.0168775669951602,,1.0031430105879764,0.9912333357931961,,1.0217782469105632,1.023207794605705,1.0241849137826777,1.0142558077063253,0.9854544214891281,0.9952592836428433
2018-03-05,1.017860851164285,,1.0040235036640994,0.9922322655113552,,1.022900791344613,1.0249321823755935,1.0249339136975641,1.0153263298874784,0.9858627412532985,0.9949516859805856
2018-03-06,1.0185157300116985,,1.0049032221541827,0.9932301983647304,,1.0240220770855952,1.0266536017509638,1.0256823530314532,1.0163278802528102,0.9979231678230702,0.9952080962369958
2018-03-07,1.0191701802734787,,1.0057821674198641,0.9942271363409462,,1.0251421069530577,1.0283720629339586,1.026430232622839,1.0173283186947681,0.9905680568693404,0.9951568273315868
2018-03-08,1.0198242025102346,,1.0066603408191939,0.9952230814216888,,1.0262608837570844,1.0300875760742123,1.0271775533083358,1.0183276479550691,1.0007126074248753,0.9951568273315868
2018-03-09,1.0208045946670974,,1.007537743706647,0.9962180355827294,,1.027378410298339,1.0318001512692159,1.0279243159226839,1.0193934840164873,1.0083813341268568,0.9981818478402004
2018-03-12,1.021784026596578,,1.0083984386381095,0.993860918081842,,1.0275644568099669,1.0338402345965627,1.0270424368418731,1.0195066867700808,1.0129568013477717,0.9988974845012443
2018-03-13,1.0208055530153648,,1.0092583934108577,0.9914982314509477,,1.0277504687147285,1.0358761644573455,1.0261597793638972,1.0192130559221166,1.004133421571772,0.9990507255494131
2018-03-14,1.0257027126627694,,1.0101176092968034,0.9891299493115042,,1.0279364460254965,1.037907957729534,1.0252763421134259,1.0201333213939259,0.9997557863747051,0.9990507255494131
2018-03-15,1.0276520304015608,,1.0109760875645843,0.9867560450971092,,1.0281223887551354,1.0399356311884311,1.0243921237114804,1.0204419343262547,1.0053580685313628,0.9988464354574824
2018-03-16,1.0295975556933896,,1.0118338294795715,0.9843764920517114,,1.0283082969165036,1.0419592015074994,1.0235071227754218,1.020748006073985,0.9956562990692325,0.9993061820860072
2018-03-19,1.0305684294797972,,1.0203245452389749,0.987968704135913,,1.028865917734347,1.043651585778281,1.032092422153669,1.0242723379939935,1.0000518005212515,0.9994593605389048
2018-03-20,1.0310533955321735,,1.028743775705573,0.9915480584204001,,1.0294232277845046,1.0453411107236197,1.0406046415797696,1.0276735216970896,1.0008985821374998,0.9997146188603261
2018-03-21,1.031538126506483,,1.03709271453204,0.9951146466221265,,1.0299802274131709,1.0470277859890231,1.0490450146978512,1.0310523931959275,0.9968153979895735,0.9995615029515832
2018-03-22,1.032991614878576,,1.0453725257213922,0.9986685594801831,,1.0305369169659633,1.0487116211712735,1.0574147441762376,1.0346097771697051,0.9867933593542452,0.9990510384288676
2018-03-23,1.0344429936884452,,1.053584344600901,1.0022098867696512,,1.0310932967879214,1.0503926258187573,1.0657150027358793,1.0381451398105617,0.9580869034486649,0.993943786130604
2018-03-26,1.0349260854758848,,1.0566748523271716,1.0045671455740832,,1.0333175785302757,1.0532695120125242,1.0642450149857772,1.0397320418754121,0.9516719521305907,0.9935844432147928
2018-03-27,1.0354089439983378,,1.0597558382426664,1.0069188607771475,,1.0355369238234147,1.0561381454742897,1.06277286319057,1.041314168400829,0.9602752888231258,0.9939952684600041
2018-03-28,1.0363741949635887,,1.062827360840298,1.0092650583916125,,1.0377513545301877,1.0589985734167446,1.061298540969258,1.0429913956897794,0.9422468880227721,0.9935846119228653
2018-03-29,1.03733851511788,,1.0658894780756452,1.0116057642475824,,1.0399608923685235,1.0618508426485893,1.0598220419125768,1.044663748340733,0.9556046138003464,0.9933278461446083
2018-03-30,1.0383019062546814,,1.0689422473735095,1.0139410039942018,,1.042165558912709,1.0646949995791308,1.0583433595828307,1.0463312490446524,0.9567473828967885,0.9934819451789211
2018-04-02,1.0373394423470779,,1.067883401796298,1.0121186686147374,,1.0436932093862796,1.0673364565511867,1.0565334048316994,1.0461026307368362,0.9537770096763191,0.9934305867484347
2018-04-03,1.0363760512102764,,1.0668234338767426,1.0102930062661843,,1.0452185297035452,1.0699709546099774,1.0547201682043195,1.0458711975432997,0.9474892548473027,0.9932251424751938
2018-04-04,1.0392690116731502,,1.0657623412330253,1.0084640047784799,,1.0467415269621492,1.0725985303256462,1.052903637777435,1.0464350095940105,0.9455164290980432,0.9926086830074038
2018-04-09,1.0402305501346887,,1.0647001214757374,1.0066316519146614,,1.046924008713974,1.0722674958428875,1.0489827179329483,1.045622790994802,0.9450157624071647,0.9926600863177771
2018-04-10,1.0408709599970005,,1.0636367722078486,1.004795935370376,,1.0471064571722841,1.071936351740012,1.0450463639600542,1.0447412454026528,0.9642842152469515,0.9928656889906119
2018-04-11,1.0415109599970007,,1.0625722910246727,1.0029568427733837,,1.0472888723492269,1.0716050979443956,1.0410944538701772,1.0438567091199638,0.9671285026090979,0.9932768098087422
2018-04-12,1.042150550658977,,1.0615066755138372,1.001114361683058,,1.0474712542569413,1.0712737343833418,1.0371268642227403,1.0429691627437296,0.9570481134095874,0.9932254408253345
2018-04-13,1.0411917778881237,,1.0604399232552486,0.9992684795898807,,1.0476536029075612,1.0709422609840822,1.0331434701020283,1.0417479753540217,0.9499943715919279,0.994304244893967
2018-04-16,1.041831573153639,,1.0594268439477719,0.9993251087397357,,1.047288972096258,1.0703758061623083,1.0324009793831626,1.0414943902878866,0.9339060875205691,0.9938423985348558
2018-04-17,1.0424709593428974,,1.058412737269804,0.9993817346829115,,1.0469242082808288,1.069809030287607,1.031657936962195,1.0412404304280352,0.9180955825400762,0.9932263188552172
2018-04-18,1.0431099369786798,,1.0573976011355035,0.9994383574197716,,1.0465593113642078,1.0692419329958427,1.0309143420186406,1.0409860954115107,0.9228012891430043,0.9927126026320588
2018-04-19,1.0459835001970705,,1.0563814334526695,0.9994949769506787,,1.0461942812492235,1.068674513922258,1.0301701937301817,1.0411937973458372,0.9348981061613885,0.9928153986846905
2018-04-20,1.0469386100347022,,1.055364232122717,0.9995515932759962,,1.0458291178385974,1.068106772701476,1.0294254912726637,1.0410042863167202,0.9215213642204885,0.9887039792171193
2018-04-23,1.0498012054545494,,1.0543459950406504,0.999721432636268,,1.0463770630440785,1.0699495160336547,1.0290020495382464,1.0417945173034826,0.9229784816274575,0.9879815104380915
2018-04-24,1.0517041550263855,,1.0533267200950376,0.9998912431560296,,1.0469247081700384,1.0717888699087443,1.02857842842497,1.0423854984086682,0.9434652684995584,0.9883946482195417
2018-04-25,1.0498048197937169,,1.052306405167983,1.0000610248450743,,1.0474720535449715,1.0736248467726752,1.028154627780793,1.0421890989076201,0.9396172033296216,0.988755994492513
2018-04-26,1.0479018702218807,,1.0512850481351017,1.0002307777131905,,1.048019099496833,1.0754574590029504,1.0277306474534802,1.0419912520835186,0.9204958305399019,0.988239971993932
2018-04-27,1.0475205546832724,,1.0502626468654932,1.0004005017701612,,1.04856584635304,1.077286718909149,1.0273064872906026,1.0421075280174945,0.9208659553438557,0.986691105248101
2018-05-02,1.0471390936876592,,1.0508641132979373,1.001413959546682,,1.0497801754362208,1.078110442138144,1.0282966143097545,1.042787726780611,0.922667982557927,0.9869496501573517
2018-05-03,1.0467574871240262,,1.0514652181859687,1.0024263912664033,,1.0509930317127512,1.0789334874056338,1.0292857619471045,1.0434671353339722,0.9304662634820299,0.9873115194708338
2018-05-04,1.0463757348812317,,1.0520659619639787,1.0034377990048486,,1.0522044187509092,1.0797558558266864,1.030273932138245,1.0441457552313935,0.9256152220899919,0.9881900270415022
2018-05-07,1.0459938368480066,,1.0526663450655758,1.0033814053773285,,1.0540193007835756,1.0811801231507072,1.03071393890758,1.0447724643568714,0.9414023253592126,0.988654711056372
2018-05-08,1.0456117929129543,,1.0532663679235885,1.0033250085693877,,1.0558308949864732,1.0826023648223884,1.031153752156108,1.0453981067251559,0.9530058191871137,0.9895836474242307
2018-05-09,1.0452296029645498,,1.0538660309700663,1.003268608580668,,1.0576392132504862,1.0840225865954802,1.031593372053981,1.0460226856499775,0.95118561231261,0.9898930055062106
2018-05-10,1.0448472668911413,,1.0544653346362818,1.0032122054108097,,1.0594442674021094,1.085440794199255,1.0320327987711253,1.0466462044282028,0.956723345871172,0.9901507241805058
2018-05-11,1.0444647845809483,,1.055064279352733,1.0031557990594546,,1.0612460692039098,1.086856993338642,1.0324720324772443,1.047268666339951,0.9515294880832109,0.9941700996313972
2018-05-14,1.0440821559220617,,1.0592296791703069,1.0035506657919324,,1.0630446303549896,1.088135209275547,1.0338566998193586,1.048571530512431,0.9609411859586717,0.9942727479582295
2018-05-15,1.0441691502674293,,1.063377800404449,1.0039453766662167,,1.0648399624914355,1.0894117934621996,1.0352394525089812,1.0499679907091197,0.9647295976651452,0.9946832991231683
2018-05-16,1.044256137045439,,1.067508785810311,1.0043399318052977,,1.0666320771867768,1.090686750059422,1.0366202958337825,1.051360905393501,0.9567634398200343,0.9948884904640937
2018-05-17,1.0443431162574073,,1.071622776381165,1.0047343313320183,,1.06842098595243,1.0919600832121406,1.0379992350595586,1.0527502977140777,0.949367810921852,0.9946320539064981
2018-05-18,1.0444300879046504,,1.0757199113772773,1.0051285753690773,,1.070206700238145,1.0932317970494694,1.039376275430352,1.054136190562353,0.9594634359784635,0.9965814716461996
2018-05-21,1.0445170519884839,,1.075496530885841,1.0054382164668958,,1.070919712715864,1.094245173620203,1.0375986467199712,1.0542188641600796,0.9641213197927014,0.9973494814767254
2018-05-22,1.044604008510223,,1.0752731004844116,1.005747761716783,,1.0716322171690171,1.0952575242984781,1.0358178524185129,1.0543008295394016,0.9602883485897147,0.9973494814767254
2018-05-23,1.0446909574711831,,1.0750496201506818,1.0060572111780597,,1.072344214321029,1.0962688511593197,1.0340338812313306,1.0543820855857442,0.9470709332433815,0.9969913519361544
2018-05-24,1.0447778988726786,,1.0748260898623285,1.0063665649099907,,1.0730557048937794,1.0972791562714637,1.0322467218032216,1.0544626311749805,0.9399728836504297,0.9962236565576807
2018-05-25,1.0448648327160237,,1.074602509597014,1.0066758229717858,,1.0737666896076083,1.098288441697382,1.0304563627179937,1.0545424651733781,0.937171894943222,0.9951992763077319
2018-05-28,1.0449517590025328,,1.0748559572302603,1.0081654238711675,,1.0744771691813209,1.0985304259684043,1.0326729447822915,1.0553383443296713,0.941563353085499,0.9949941901715547
2018-05-29,1.0450386777335194,,1.07510934064408,1.0096528091600852,,1.0751871443321912,1.0987723516972059,1.034884624477046,1.0561330424360584,0.9339327723265627,0.9945326517100161
2018-05-30,1.0464727121503454,,1.0753626598710087,1.011137985419683,,1.075896615775966,1.0990142189121048,1.037091423439345,1.0572052789215103,0.9127340898835616,0.993711760016414
2018-05-31,1.0479046930572664,,1.0756159149435587,1.0126209592018256,,1.0766055842268702,1.0992560276413998,1.039293363163346,1.0582759195822362,0.9339541136792091,0.994122543071613
2018-06-01,1.049334626327047,,1.075869105894216,1.0141017370292733,,1.0773140503976109,1.0994977779133688,1.0414904650015322,1.0593449698589126,0.9255935605519572,0.9928393731285857
2018-06-04,1.0507625178072946,,1.0745736919573496,1.0146736438503083,,1.078906970751592,1.100786801075504,1.0428962051069626,1.0602615837359244,0.9354036963662462,0.992633802155207
2018-06-05,1.0521883733206023,,1.073276597746565,1.015245223780882,,1.0804973577457595,1.1020741647959853,1.04429997188114,1.061176463040518,0.945315503866023,0.9933020451900585
2018-06-06,1.0536121986646936,,1.071977818897254,1.0158164771944693,,1.0820852194253634,1.1033598733419292,1.0457017708564917,1.0620896114507954,0.9432428545156438,0.9936616280739132
2018-06-07,1.054560065963272,,1.0706773510277796,1.0163874044639054,,1.0836705637973898,1.104643930964015,1.047101607542212,1.0629029773861105,0.9415906726714024,0.9937643291111935
2018-06-08,1.0547494599026659,,1.069375189739389,1.0169580059613863,,1.0852533988308037,1.1059263418965681,1.0484994874243905,1.0635581118492008,0.9281764555328409,0.9947398887743686
2018-06-11,1.0549388179787877,,1.0697648487877212,1.0173613719812766,,1.0849022135805848,1.1021774258802917,1.053966874212924,1.0638849527573808,0.9282717032032417,0.9944321175509779
2018-06-12,1.055128140205217,,1.0701543560610198,1.0177645753626234,,1.0845509049559583,1.0984144026057918,1.0594045312273364,1.0642056652598084,0.9404331432108608,0.9948426055185494
2018-06-13,1.0553174265955256,,1.0705437116774736,1.0181676162365272,,1.084199472870209,1.0946371655001501,1.0648127800396585,1.0645202790353052,0.9306029049693784,0.9949451854026342
2018-06-14,1.0555066771632773,,1.070932915755134,1.0185704947339294,,1.0838479172365303,1.0908456067782155,1.0701919370325625,1.064828822879649,0.9266513061160547,0.9944836232712428
2018-06-15,1.057871861647667,,1.071321968411914,1.0189732109856133,,1.0834962379680233,1.0870396174241503,1.0755423135104212,1.0655815253512355,0.9213669051694208,0.9930469890998729
2018-06-19,1.0602314652342646,,1.071808095104008,1.0212636052110438,,1.085914883526511,1.0879233699734365,1.0791819123457496,1.0676559866720803,0.8861164808908276,0.9911458484154622
2018-06-20,1.061173084819952,,1.0722939855917661,1.0235487655185014,,1.0883276933532282,1.088806342193772,1.0828083125391577,1.0694330014864846,0.8900710584800818,0.9902706875403013
2018-06-21,1.0621138185922945,,1.0727796401046166,1.0258287157741321,,1.0907346955414126,1.0896885354619585,1.08642160947187,1.0712057858277366,0.8783860904982145,0.9903222126845717
2018-06-22,1.0639935178404147,,1.0732650588716521,1.0281034796812119,,1.0931359179819282,1.090569951151158,1.0900218974949119,1.0731688147789202,0.8828225440072989,0.9857367111131357
2018-06-25,1.0630554315364746,,1.0710406802794297,1.027979683257553,,1.091393757703182,1.0899331810658037,1.0884753413724628,1.071984977509454,0.8694057133940926,0.985270872603819
2018-06-26,1.0658723329449253,,1.0688113427966357,1.027855871506442,,1.089648557005101,1.0892960052459482,1.086926389709336,1.0715763321868184,0.8611568256036823,0.9848048169878487
2018-06-27,1.0649360033569102,,1.0665770242637875,1.0277320444240834,,1.0879003052568486,1.0886584231742134,1.0853750350728648,1.0703894478973832,0.8408091162431697,0.9840276954460395
2018-06-28,1.0658732104796846,,1.064337702372537,1.0276082020066792,,1.0861489917717342,1.088020434332231,1.0838212699957372,1.0695884770869521,0.8304803175983728,0.9831981211213648
2018-06-29,1.0668095400676996,,1.062093354664332,1.0274843442504313,,1.0843946058068212,1.0873820382006398,1.0822650869757795,1.0687856034841368,0.8560241276423917,0.9782684340267667
2018-07-02,1.067433175864394,,1.064357847417957,1.0289432940818262,,1.083867365033535,1.0893528163182071,1.0842736030840787,1.069918302353633,0.8266818927108341,0.9783205825457488
2018-07-03,1.0680564229818765,,1.0666172238300689,1.0304001184795117,,1.0833398461307748,1.0913197181087662,1.0862780931418081,1.0710487011232317,0.8270692212006052,0.9779034161485021
2018-07-04,1.0686792819043305,,1.0688715069680326,1.0318548236272467,,1.0828120488049486,1.093282758791092,1.0882785732570357,1.0721768084011802,0.8137144952760698,0.9774860756508236
2018-07-05,1.068368046298977,,1.0711207197435628,1.0333074156818423,,1.0822839727619988,1.0952419534945106,1.0902750594413515,1.0731094520231188,0.8073793038974001,0.9766510461638447
2018-07-06,1.0680567137958639,,1.0733648849141209,1.0347579007733185,,1.0817556177074024,1.0971973172595972,1.092267567610635,1.074039881282803,0.8141647660148951,0.9713755173051349
2018-07-09,1.067745284334637,,1.0775744684340478,1.0352498048520231,,1.0807570861361837,1.0979913953215084,1.0951310738148985,1.074938792501536,0.8421162209407224,0.971900617074091
2018-07-10,1.0686798637738892,,1.0817664056441785,1.0357414670800724,,1.0797575565030697,1.0987848433237675,1.097986403764137,1.0760916018333837,0.8445271969523783,0.971900617074091
2018-07-11,1.069613570589949,,1.0859408438713731,1.0362328876951672,,1.0787570268108801,1.0995776622654216,1.1008336040172215,1.0772403602991227,0.8272266478567711,0.9716906874005318
2018-07-12,1.0702354611372127,,1.0900979286051413,1.036724066934658,,1.077755495056432,1.100369853143142,1.1036727207364643,1.0783207609293735,0.8488053280151262,0.9717431808388519
2018-07-13,1.070856965176989,,1.0942378035280678,1.0372150050355458,,1.0767529592305194,1.1011614169512347,1.1065037996921108,1.0793972633615903,0.8521462643965734,0.9780420627873061
2018-07-16,1.0714780831894113,,1.0940185052824547,1.036778829747602,,1.075749417317887,1.1005447536359991,1.1049354182617468,1.078911305023458,0.8462482316481761,0.9783550355065174
2018-07-17,1.0733402805823349,,1.093799158934572,1.0363424641277583,,1.074744867297205,1.0999277098124738,1.1033645731470751,1.0786814814024206,0.839707502577213,0.9783550355065174
2018-07-18,1.072410912552595,,1.0935797644633134,1.0359059080098334,,1.0737393071410475,1.099310285010788,1.1017912565957855,1.07787345060925,0.8344717790558845,0.9784593271058291
2018-07-19,1.076131842785153,,1.093360321847558,1.0354691612274287,,1.0727327348158655,1.0986924787602006,1.100215460818918,1.0780269069871602,0.8336033086130229,0.9783550463821209
2018-07-20,1.0770586268444675,,1.0931408310661717,1.0350322236139275,,1.0717251482819634,1.0980742905890968,1.0986371779906352,1.077601619054811,0.8524316628602678,0.978928650178335
2018-07-23,1.0756697379555784,,1.0927749327858935,1.0347999990391035,,1.0707165454934735,1.0973212481632244,1.0998385690750487,1.077076920040144,0.8618393453237866,0.9791892297072073
2018-07-24,1.0742789173714336,,1.092408900575059,1.0345677205234995,,1.0697069243983315,1.0965676382371052,1.1010385185508602,1.0765513057884781,0.8777111456499583,0.979970764641819
2018-07-25,1.0743231319003277,,1.0920427343355865,1.034335388042052,,1.068696282938252,1.095813459954746,1.1022370298736381,1.076322079692252,0.8766055285006079,0.9801790112057507
2018-07-26,1.0743673444743838,,1.0916764339692862,1.0341030015696786,,1.067684619048702,1.0950587124582167,1.1034341064865414,1.0760923374420954,0.8650060595606317,0.9798667063962566
2018-07-27,1.0744115550937745,,1.0913099993778608,1.0338705610812802,,1.0666719306588766,1.0943033948876417,1.104629751820378,1.075862078946328,0.8607586223036504,0.9804394440823964
2018-07-30,1.0744557637586731,,1.0963539876476553,1.0350877383241686,,1.0677452759182677,1.0919547413140438,1.10799241681095,1.077138741308647,0.8590120735124609,0.9803353695650421
2018-07-31,1.0744999704692515,,1.101372661783976,1.036303435847697,,1.068817470342856,1.0896005585807562,1.1113438121816395,1.0784091013611827,0.859746053962408,0.9797108574651201
2018-08-01,1.0745441752256832,,1.1063662746047869,1.0375176572452796,,1.0698885163978358,1.0872408205930433,1.1146840132180382,1.079673201889954,0.8397697060493067,0.979346331089033
2018-08-02,1.0745883780281407,,1.111335075159443,1.038730406097256,,1.070958416540488,1.084875501071001,1.1180130944538431,1.0809310850280305,0.8175993104746836,0.9784086357358344
2018-08-03,1.074632578876797,,1.1162793088032283,1.0399416859709563,,1.0720271732202167,1.0825045735478027,1.121331129680834,1.0821827922669656,0.8010817605779184,0.9720993229816368
2018-08-06,1.074676777771825,,1.1154640914119232,1.0404990162231142,,1.0723830451063372,1.0821084798511558,1.1208675228194525,1.0821306337893914,0.7884101310322992,0.9712597364779899
2018-08-07,1.0747209747133963,,1.1146482088990042,1.0410560360312822,,1.072738790392712,1.0817122292021244,1.120403700927059,1.08207825214081,0.8176163987706769,0.9714172912282656
2018-08-08,1.074765169701685,,1.113831660178263,1.0416127457411142,,1.0730944091693835,1.0813158214762748,1.119939663804089,1.0820256472049714,0.801480424393512,0.9707346615286226
2018-08-09,1.0748093627368625,,1.1130144441608283,1.0421691456976878,,1.0734499015262973,1.080919256549024,1.1194754112507002,1.081972818865079,0.8265278673036253,0.9708922990673753
2018-08-10,1.0748535538191022,,1.1121965597551569,1.0427252362455048,,1.073805267553305,1.0805225342956417,1.1190109430667707,1.0819197670037906,0.8287324100155365,0.9729412640773573
2018-08-13,1.0748977429485764,,1.1133023255338603,1.0430776830395947,,1.0720290686190255,1.0794550647458947,1.124943408989943,1.0824457402365537,0.8244211284371611,0.9732034147615706
2018-08-14,1.0749419301254575,,1.114406869945153,1.0434300056587067,,1.0702497091884218,1.0783864544872364,1.1308408883179693,1.0829658862191698,0.8192800511410786,0.973150998365722
2018-08-15,1.0749861153499185,,1.1155101956841666,1.0437822041903098,,1.068467177994127,1.0773167010791118,1.1367037912968752,1.0834802592563488,0.7952859333021799,0.9725743877875388
2018-08-16,1.0750302986221314,,1.1166123054371226,1.0441342787217798,,1.066681463708414,1.0762458020731258,1.142532520999047,1.0839889126485185,0.7906534628740485,0.971787646992406
2018-08-17,1.0750744799422693,,1.1177132018813705,1.0444862293404007,,1.0648925549427624,1.0751737550130085,1.1483274734895148,1.0844918987146708,0.7762763246905545,0.9650688395807216
2018-08-20,1.0751186593105047,,1.1131002341578637,1.0442697205447309,,1.0661470352294997,1.0751875139563216,1.1416783572804137,1.0831717647144745,0.7879278502570298,0.9648574566076201
2018-08-21,1.0751628367270092,,1.1084658883467107,1.0440531648628513,,1.0673999437671755,1.0752012727103288,1.134984734394887,1.0818422094574052,0.8061082772216025,0.9650160273566025
2018-08-22,1.0752070121919561,,1.1038099653784528,1.0438365622744503,,1.0686512844893774,1.0752150312750355,1.1282460049960363,1.080503123559863,0.8004870065739539,0.9650688758926981
2018-08-23,1.0761346559767424,,1.0991322633900684,1.0436199127592036,,1.0699010613149431,1.0752287896504464,1.121461557038278,1.0793371825185858,0.8041388150958483,0.9647518014330458
2018-08-24,1.077061440036057,,1.094432577672458,1.0434032162967735,,1.071149278148038,1.075242547836567,1.1146307659337609,1.078161308328871,0.8057351862129766,0.9664962640856865
2018-08-27,1.0779873659619827,,1.0927075575715874,1.0433761233680277,,1.0707930893679847,1.074637195975798,1.1108495475411675,1.0774315358052358,0.8301658442228584,0.9670239685711746
2018-08-28,1.0789124353421862,,1.0909795566343656,1.0433490297052355,1.00045,1.0704367736722786,1.0740314774421877,1.1070539772684487,1.076873003299907,0.8282871216367967,0.9677623651956473
2018-08-29,1.079836649759931,,1.089248564541185,1.0433219353083567,1.0008997975910838,1.070080330970443,1.0734253917912655,1.1032439457533734,1.0763121712184296,0.8242873216267973,0.9679204762950464
2018-08-30,1.079374969242849,,1.0875145709187541,1.0432948401773519,1.0013493929552562,1.0697237611719053,1.0728189385777527,1.0994193423789085,1.075504606466385,0.8138106446350327,0.9674462179823521
2018-08-31,1.0789130754784146,,1.0857775653397268,1.043267744312181,1.0037012179914573,1.0693670641859951,1.0722121173555594,1.0955800552539499,1.074974596044278,0.8088600166304133,0.9676043790958063
2018-09-03,1.0807615043139047,,1.0855563753375157,1.0430780681165435,1.0039868264786787,1.0698130945160576,1.072708908910103,1.0959448451032756,1.0754689484577447,0.8050573475645864,0.9673935309591766
2018-09-04,1.0812227589264505,,1.0853351363994634,1.0428883559370217,1.0042723534169833,1.0702589259917599,1.0732054537853462,1.0963095019294928,1.0757184026158928,0.817725101988366,0.9675517004113829
2018-09-05,1.0816838008812684,,1.0851138485039118,1.0426986077599594,1.0045577988529264,1.0707045587903339,1.0737017522261418,1.0966740258295817,1.0759677165157777,0.798176363916485,0.9673408411599334
2018-09-06,1.0818374107122977,,1.0848925116291894,1.0425088235716937,1.00658852857176,1.0711499930887751,1.0741978044769789,1.0970384169004164,1.07641934646335,0.7874854896661501,0.9666026781313559
2018-09-07,1.0819909969509705,,1.084671125753609,1.0423190033585525,1.007197285509961,1.071595229063842,1.0746936107819824,1.0974026752387647,1.076661767992139,0.792009100709155,0.9632784907105031
2018-09-10,1.0821445596045334,,1.0839920587326457,1.0426648129598544,1.007805672088611,1.0720402668920574,1.076249120452297,1.0936031026906765,1.0765638287037709,0.7774956092946007,0.9628549637900733
2018-09-11,1.0822980986802282,,1.0833125302663111,1.043010503018215,1.00841368875808,1.072485106749709,1.0778022142701589,1.0897890383283402,1.0764637349154176,0.7756814071256074,0.9620075510471042
2018-09-12,1.0824516141852945,,1.0826325397270486,1.0433560736162555,1.0090213359679159,1.0729297488128482,1.0793528997280228,1.0859603711830903,1.0763614744901828,0.7687991010723416,0.961477468884369
2018-09-13,1.0826051061269673,,1.0819520864860195,1.0437015248365111,1.0096286141668485,1.0733741932572927,1.0809011842835419,1.082116989006775,1.0762570351362224,0.7795891648445854,0.961477468884369
2018-09-14,1.0817500679791117,,1.0812711699131015,1.0440468567614318,1.0102355238027907,1.0738184402586257,1.082447075359783,1.0782587782520126,1.0759724326632643,0.7812946740719464,0.9586665434004125
2018-09-17,1.0808942981153766,,1.0816562980422666,1.0443920694733824,1.0108420653228398,1.074262489992196,1.0827885587636896,1.0793723100844985,1.0762562274821244,0.7698298473706519,0.9580814992561724
2018-09-18,1.0800377952823284,,1.0820412779048578,1.0447371630546418,1.0114482391732804,1.0747063426331191,1.0831299255964881,1.0804846033430342,1.076539609712167,0.7899582749133051,0.9584008010495841
2018-09-19,1.0791805582233112,,1.0824261096149899,1.0450821375874042,1.0120540457995857,1.0751499983562782,1.0834711759377387,1.0815956607798731,1.0768225795866693,0.8031257077685735,0.9592520007091043
2018-09-20,1.0783225856784324,,1.0828107932866469,1.0454269931537787,1.012635004579177,1.0755934573363226,1.0838123098669192,1.082705485138105,1.0771015371801134,0.8024162695229087,0.9594646196428203
2018-09-21,1.0774638763845559,,1.0831953290336807,1.0457717298357896,1.013215626041632,1.0760367197476703,1.0841533274634272,1.0838140791516973,1.0773800871464572,0.8327353204363168,0.9633440903342165
2018-09-25,1.076604429075287,,1.0825485224103821,1.0462785208351815,1.0137959105784309,1.0764797857645068,1.0833010741055489,1.084235359845005,1.0773396745810127,0.8237366135056413,0.9651969225205586
2018-09-26,1.075744242480964,,1.0819012971575035,1.046785055127553,1.014375858580372,1.0769226555607867,1.0824480937923346,1.0846564631356264,1.0772988540392896,0.8348141920605853,0.9660952052154066
2018-09-27,1.0748833153286461,,1.0812536527327983,1.0472913329728346,1.0149554704375745,1.0773653293102337,1.0815943852825682,1.0850773891729082,1.0772576252306554,0.83081974039784,0.9661479979511263
2018-09-28,1.0740216463421015,,1.080605588592966,1.0477973546305617,1.0158568949839066,1.07780780718634,1.0807399473318522,1.0854981381060091,1.0772633626344166,0.8411823281360812,0.96746774667097
2018-10-08,1.0731592342417964,,1.081821033638544,1.0475006387360306,1.0176187493602447,1.0782500893623685,1.0837775063384882,1.0876130143376843,1.0781538459873263,0.7981564416504435,0.9649898892268536
2018-10-09,1.0722960777448836,,1.0830350031708686,1.047203834775047,1.0178398220047158,1.0786921760113517,1.0868058665223725,1.0897234273071312,1.0788157840776935,0.7974848928340104,0.9636686059965803
2018-10-10,1.071432175565192,,1.084247500768052,1.0469069426953177,1.0180608457868747,1.0791340673060932,1.0898250834299872,1.0918293958133296,1.0794757642320003,0.7953290192186802,0.9630864722116522
2018-10-11,1.0705675264132135,,1.0854585299952075,1.0466099624445044,1.01868939673142,1.0795757634191676,1.0928352121062086,1.093930938536738,1.080193732989129,0.747337185966608,0.9607036286850439
2018-10-12,1.0712542385336823,,1.0866680944045113,1.046312893970221,1.0193175528478446,1.0800172645229205,1.095836307100328,1.0960280740402888,1.0811836123180683,0.7622598359373196,0.9546526732710311
2018-10-15,1.071940479404228,1.0003976143141153,1.086447099929374,1.0474339853459218,1.019945314631865,1.0789581294832016,1.092493763802262,1.0959963657564997,1.0810464023790753,0.748294597648345,0.9532108277087115
2018-10-16,1.0726262496711882,1.0007950705939246,1.0862260566048831,1.048553821283211,1.0205726825782644,1.0778978714870884,1.0891400104383666,1.0959646564672632,1.0809075975493727,0.7401447791641217,0.9519808154085884
2018-10-17,1.0733115499795733,1.0011923689650015,1.0860049644094385,1.0496724045907138,1.0211996571808948,1.0768364881508057,1.0857749715640264,1.0959329461725162,1.080767190453163,0.7457172290749562,0.9509634669399656
2018-10-18,1.0739963809730675,1.0015895095527696,1.085783823321425,1.05078973806764,1.022337784190974,1.075773977082981,1.0823985709704333,1.0959012348721944,1.0806891167928614,0.7220308665318631,0.9499450824194103
2018-10-19,1.0746807432940337,1.0019864924825035,1.0855626333192139,1.0519058245038282,1.0234746173405398,1.0747103358846106,1.0790107316742295,1.095869522566234,1.0806093131884926,0.7517773838965898,0.9466721990628271
2018-10-22,1.0753646375835162,1.0023833178793289,1.0871555536731963,1.0539877586878443,1.0246101595680586,1.0755976473309294,1.081628783898203,1.0995641233749234,1.082097259748493,0.7949423466551666,0.9501173193728878
2018-10-23,1.0760480644812462,1.002779985868222,1.0887459406673647,1.0560653674272051,1.0257444138019978,1.0764841721536258,1.0842399998225187,1.1032451243544172,1.0835819959663513,0.7683879642953002,0.949151705940132
2018-10-24,1.0767310246256434,1.0031764965740113,1.0903338023469697,1.0581386686578096,1.0306368913740813,1.0773699117461868,1.0868444150563028,1.1069126252594872,1.0855334776649452,0.7698863481140115,0.9486684325684948
2018-10-25,1.0774135186538212,1.0035728501213754,1.0919191467189973,1.0602076802042288,1.0344338625258294,1.0782548674984005,1.0894420649311805,1.1105667247513635,1.0873450053752576,0.7718027899934419,0.948292371539162
2018-10-26,1.0780955472015874,1.003969046634846,1.0935019817524128,1.0622724197806241,1.0382164712214814,1.0791390407963681,1.0920329845041534,1.1142075204136601,1.089151738690013,0.7653319089581009,0.9470025343811034
2018-10-29,1.0787771109034519,1.004761125842767,1.0953896024723433,1.063016853147191,1.0404303193226254,1.080375789912976,1.0932236217656874,1.1163560491385551,1.0904507613480716,0.7348464096576132,0.9456034061456192
2018-10-30,1.0794582103926271,1.005552578157765,1.0972736667934238,1.0637607327449647,1.0418229231556473,1.0816110113705375,1.0944128430959936,1.118499971584491,1.0916457085759135,0.745691776245304,0.9452800780214612
2018-10-31,1.080138846301033,1.006343404571367,1.0991541880914217,1.0645040593972073,1.0427244591235756,1.0828447089383908,1.095600651858783,1.1206393074602237,1.0927778569805662,0.759697036255721,0.9454956998208253
2018-11-01,1.0808190192593,1.00713360607275,1.101031179666786,1.0652468339253465,1.0442815616671626,1.0840768863719414,1.0967870514057942,1.1227740763482874,1.0939905403995558,0.7670563655769885,0.9465196825747999
2018-11-02,1.0814987298967713,1.0079231836487468,1.1029046547452113,1.065989057148981,1.0458362434118504,1.0853075474127292,1.0979720450768506,1.1249042977060721,1.0952015149194612,0.8026934228285726,0.9520112298990164
2018-11-05,1.0821779788415093,1.008317660966301,1.1069846547452113,1.0660685220850779,1.0484440544267473,1.0865366957884974,1.0994246341824323,1.1253124924072428,1.0964769339897198,0.7943627488676274,0.952975033711396
2018-11-06,1.0828567667202975,1.0087119827328623,1.1110480759865466,1.0661479807070007,1.0466385789292887,1.0877643352132609,1.1008751163334436,1.1257205205534864,1.0971984873946536,0.7883281287207614,0.9532959923077371
2018-11-07,1.0835350941586421,1.0091061490710573,1.1150950526569163,1.0662274330157522,1.0474689772341308,1.0889904693873718,1.1023234976332321,1.1261283822806654,1.098247334883684,0.781778940431598,0.9535633719868815
2018-11-08,1.0837650849590101,1.0095001601033662,1.1191257173214229,1.066306879012336,1.048231928328966,1.0902151019975888,1.1037697841586627,1.1265360777244766,1.0992183943499205,0.7789421138287445,0.953670295269426
2018-11-09,1.0839950228757727,1.0098940159521255,1.1231402009486269,1.0663863186977547,1.0539211103065522,1.0914382367171416,1.1052139819602727,1.1269436070204504,1.100803132403036,0.7648327938338491,0.9514786023202626
2018-11-12,1.084224907933244,1.0112719687080312,1.1268620561940266,1.0672733247214523,1.0543143522308793,1.0947541180434934,1.1068697437442223,1.1273509703039521,1.1022802192987835,0.776735150311004,0.9520143357393132
2018-11-13,1.0844547401557216,1.0126480253229317,1.1305701105976937,1.0681595446627237,1.0563887167791366,1.098059040638727,1.1085227685129322,1.1277581677101816,1.103963741732727,0.7867939932944619,0.9524426929892598
2018-11-14,1.0846845195674861,1.0140221910080516,1.13426446613006,1.069044979913619,1.0516152666144292,1.1013530766997528,1.110173065300177,1.128165199374173,1.1047876054405472,0.7767735446600723,0.9524962147190821
2018-11-15,1.084914246192802,1.0153944709531602,1.137945223635573,1.069929631862494,1.051760106744168,1.104636297712367,1.11182064309508,1.1285720654307967,1.106222596223534,0.7884523904418965,0.9527102901806823
2018-11-16,1.0851439200559163,1.0167648703266918,1.1416124828492105,1.0708135018940232,1.0519049258982816,1.1079087744605578,1.1134655108424072,1.1289787660147572,1.1076539476239573,0.7931711609708616,0.955920734827266
2018-11-19,1.0853735411810597,1.0175468840119313,1.1465493770685824,1.071353899943318,1.0573882669858348,1.1077371006408154,1.1145911895604579,1.1293929717369326,1.109180587030619,0.8045074841711857,0.9561340795389839
2018-11-20,1.0844552675355135,1.0183282866296302,1.1514620180988504,1.0718940061202886,1.0586914262026172,1.1075653973441124,1.1157156025507353,1.1298070059637622,1.110009817880893,0.7813817632945997,0.9555475067239676
2018-11-21,1.0853743851825721,1.019109079134022,1.1563506430695056,1.0724338207400483,1.0595590683379599,1.107393664560324,1.1168387526564434,1.1302208688371969,1.1110575403754102,0.7838923197494952,0.9554941506253656
2018-11-22,1.0862926588281185,1.0198892624771079,1.1612154856492476,1.0729733441172016,1.0608876714672442,1.107221902279321,1.117960642711218,1.1306345604990116,1.1121601028244923,0.7801545117910017,0.9556008685166202
2018-11-23,1.086598469225672,1.020668837608661,1.1660567761130003,1.073512576565843,1.0613440668844696,1.1070501104909687,1.119081275539168,1.1310480810908055,1.1130591397571885,0.7580821692605998,0.9534133851895115
2018-11-26,1.086904186131817,1.0212530635093426,1.1666692293283787,1.0740383734767862,1.0618002540999405,1.1087683235493886,1.1185940166993706,1.1321656561061146,1.1136973880918661,0.7573695832094717,0.9533064447553332
2018-11-27,1.0872098096036995,1.021836948289413,1.1672813076744057,1.0745638940706246,1.0622562333035281,1.1104835894155984,1.1181065203226546,1.133281983541773,1.1143348826247659,0.7560962007235744,0.9531994928836754
2018-11-28,1.0890429901719856,1.0224204923469893,1.1678930116097,1.075089138637626,1.0627120046848444,1.1121959181827223,1.1176187861773097,1.134397066180089,1.11520077287008,0.76938495134514,0.9531460112278834
2018-11-29,1.0908728163384998,1.0230036960794933,1.168504341592038,1.0756141074676018,1.0631675684332413,1.1139053198921247,1.1171308140312872,1.1355109067940747,1.1160654240286698,0.756399449934288,0.9529855576791858
2018-11-30,1.0904161953339337,1.0235865598836509,1.1691152980783583,1.0761388008499064,1.063622924737814,1.1156118045337635,1.1166426036521986,1.1366235081474858,1.1165863741017783,0.7675670435154714,0.9540019265675991
2018-12-03,1.0899593657313753,1.024363258912777,1.1657095992995261,1.0758765917381399,1.0636299631251789,1.1168043087927064,1.11816075546738,1.1331828443734127,1.1162485127402824,0.7953857084338846,0.9545897532121778
2018-12-04,1.0908734425138253,1.0251393551487102,1.162292262099565,1.0756143138547225,1.0636370014630048,1.1179953926790422,1.119676605991337,1.129730301560354,1.116113393383885,0.7974587239661682,0.9552306419111737
2018-12-05,1.0917866845229574,1.025914849526376,1.158863206660893,1.07535196716357,1.0640264534149568,1.1191850595723112,1.1211901621903368,1.12626579739835,1.1160230416933272,0.7926510757966551,0.9552840150964853
2018-12-06,1.0926990932820813,1.0266897429785264,1.1554223523420046,1.0750895516285703,1.0639467172011137,1.120373312840007,1.1227014309990628,1.122789248718977,1.115870992627614,0.7710243845297424,0.9548036820655839
2018-12-07,1.0929269875391463,1.0274640364357466,1.151969617666095,1.0748270672135825,1.0651229201412693,1.1215601558376325,1.1242104193208053,1.1193005714833677,1.1157703196910689,0.7709898114910552,0.9537357623731448
2018-12-10,1.0931548298722515,1.0286245780218202,1.1524296176660946,1.0744726202165362,1.0662977412533785,1.1205440677766678,1.1232277792946017,1.1186809448084394,1.1158144841640707,0.7594231586540822,0.9533615908957019
2018-12-11,1.0933826203050532,1.0297837743123919,1.1528894061633852,1.0741180475422705,1.0674711837804332,1.1195269462306436,1.1222441727372248,1.1180609339582492,1.115857939781244,0.7642120773633,0.9531476985904777
2018-12-12,1.093610358861191,1.0309416284227741,1.153348983352371,1.0737633491016296,1.0686432509540218,1.11850878909506,1.1212595977454294,1.1174405384561168,1.1159006868720087,0.7676268288364853,0.9530407295580124
2018-12-13,1.0941568069486225,1.0320981434574694,1.1538083494271871,1.0734085248053646,1.068951390027457,1.117489594258981,1.1202740524103438,1.1168197578244725,1.1158827204728707,0.7831064999407839,0.9533081807481704
2018-12-14,1.094702956593625,1.0332533225102227,1.1542675045817024,1.0730535745641299,1.0692594341804522,1.1164693596050115,1.1192875348174471,1.1161985915848576,1.1158641684506092,0.7664030284885632,0.9519712823524484
2018-12-17,1.0952488081220095,1.033061014817915,1.1534825427969475,1.0732508391617102,1.0706825331768175,1.1166395723709688,1.118300043046545,1.118886805398858,1.1162368534159919,0.7649153045797976,0.9513822595947509
2018-12-18,1.0957943618590527,1.0328686701362455,1.1526969643631433,1.0734480648536435,1.0708181178683274,1.116809756169471,1.117311575171751,1.1215678120936263,1.1164476596806205,0.7545489879911604,0.9508464687674899
2018-12-19,1.0963396181295,1.0326762884509817,1.1519107683106755,1.0736452516552737,1.070953684179121,1.1169799110103762,1.1163221292614607,1.1242416502105024,1.1166575278489987,0.7426260745809196,0.9500959594933397
2018-12-20,1.0959763120441228,1.0324838697478838,1.1511239536676414,1.0738423995819346,1.071089232114181,1.117150036903537,1.115331703378331,1.1269083579824912,1.1167302217219992,0.734955740431272,0.949720423012653
2018-12-21,1.0956128739194637,1.0322914140127029,1.150336519459842,1.0740395086489516,1.0712247616784885,1.1173201338588015,1.1143402955792565,1.129567973337542,1.1168020093500461,0.7225609591492825,0.9451049558307714
2018-12-24,1.0952493036595108,1.0328688923572649,1.1552445797391182,1.0743548210052545,1.071360272877022,1.1166398617499567,1.1144726144677777,1.1293993134172722,1.117275579615518,0.725465824799246,0.9451049558307714
2018-12-25,1.0948856011681487,1.0334460374130556,1.1601286686157783,1.0746700339710145,1.0714957657147588,1.1159591265559459,1.114604915850327,1.129230625046035,1.117746594135315,0.7185801688187314,0.9445118679998554
2018-12-26,1.0945217663491567,1.034022849564565,1.1649890191086596,1.07498514760887,1.0716312401966739,1.1152779276458626,1.114737199731536,1.1290619082142306,1.11821507616788,0.7135259477984748,0.9439723772790957
2018-12-27,1.095431684456527,1.0345993291956181,1.169825860855373,1.0753001619814009,1.0717666963277395,1.114596264387511,1.1148694661160343,1.1288931629122532,1.118872131435764,0.709688544441413,0.9437024863150453
2018-12-28,1.0967953208201635,1.0351754766893764,1.1746394201774075,1.075615077151127,1.071902134112927,1.1139141361474005,1.1150017150084501,1.1287243891304928,1.1195947773409896,0.7164231816772023,0.9421906888958994
2019-01-02,1.098157100211902,1.0364550672204065,1.1719630375671457,1.0756369393753897,1.0720375535572044,1.113877038655191,1.1164562604629955,1.138392155569532,1.1208496713424734,0.702768323091847,0.9420825398665369
2019-01-03,1.099063718525592,1.0377330224919719,1.169279472710568,1.075658801121706,1.0743361153275626,1.1138399397867067,1.1179086932879772,1.147967351253095,1.1222962518547699,0.7011855863716816,0.9417580576860166
2019-01-04,1.0987013996850123,1.0390093466783152,1.1665886869559028,1.075680662390097,1.0766294058280477,1.1138028395418451,1.1193590196113998,1.1574517321337874,1.1235415737359598,0.7251430343284009,0.9408924910103337
2019-01-07,1.0983389495219098,1.0395829604450455,1.1644257159315532,1.0757987106587223,1.0767230058280477,1.1137657379205042,1.1210178965780249,1.1545138453244514,1.1232499409801748,0.7312137817582975,0.9416505179744358
2019-01-08,1.097976367941054,1.040156245367652,1.162258056322278,1.0759167449935987,1.0768165970679076,1.1137286349225821,1.1226740262293178,1.151567301904068,1.1229566268907547,0.7290528938298032,0.9417046217454687
2019-01-09,1.0976136548471112,1.0407292018229617,1.1600856877574084,1.0760347653980153,1.0769101795492673,1.113691530547976,1.1243274176500533,1.1486120507077164,1.1226616252654422,0.7391523130639798,0.9420292268093077
2019-01-10,1.097250810144644,1.0413018301871533,1.1579085897332284,1.0761527718752597,1.0770037532737653,1.1136544247965847,1.1259780798800194,1.1456480401155162,1.1223649298385685,0.7372715147479277,0.9422455599623633
2019-01-11,1.09748607263036,1.0418741308357606,1.155726741611814,1.0762707644286187,1.0770973182430408,1.1136173176683055,1.1276260219143124,1.1426752180472166,1.1221562701142624,0.7444606552079157,0.9438677076859493
2019-01-14,1.0977212797806577,1.0422554463743687,1.1576245618689822,1.0763887430613772,1.0776630534789504,1.113580209163036,1.1269731525534712,1.1451725693412986,1.1227028766944323,0.7357362870783556,0.9435977875823
2019-01-15,1.0979564316215606,1.0426366165668597,1.1595187872268944,1.0765067077768202,1.0781310534789488,1.1135430992806743,1.1263198566757684,1.1476636994084837,1.1232362100612567,0.7553628574321617,0.9447317580990665
2019-01-16,1.098191528179075,1.0430176415239945,1.1614094312789003,1.0766246585782304,1.0782123790863505,1.1135059880211182,1.1256661337235556,1.1501486391675197,1.1237201572365052,0.7555738555491635,0.9454329447225832
2019-01-17,1.0984265694791895,1.0433985213564072,1.163296507541395,1.0767425954688896,1.0782936980804354,1.1134688753842656,1.1250119831380907,1.1526274193072328,1.1242030560781235,0.7500666879209532,0.9452173461670936
2019-01-18,1.0986615555478725,1.0437792561746062,1.165180029454398,1.0768605184520792,1.0783750104622796,1.1134317613700138,1.1243574043595346,1.1551000702888004,1.1246849109412487,0.7683059484515149,0.9486676669391028
2019-01-21,1.0988964864110753,1.0449210259177082,1.1665150883740898,1.0768474174433016,1.0784563162329577,1.1133946459782609,1.1239119992373756,1.154472220673732,1.1249205547369157,0.7738201727513472,0.9496347329682222
2019-01-22,1.0991313620947314,1.0460614935094206,1.1678483672878757,1.076834316262885,1.078537615393545,1.1133575292089044,1.1234663956410924,1.1538439766158737,1.1251557565863033,0.7605355580428429,0.9493126890629031
2019-01-23,1.0993661826247547,1.0472006619164835,1.1691798709359238,1.0768212149108258,1.0788424624619322,1.1133204110618424,1.1230205933937247,1.1532153376193013,1.1254184616597587,0.7598133916709813,0.9492589977877354
2019-01-24,1.099600948027042,1.0483385340955087,1.1705096040394938,1.0768081133871186,1.0786392930186137,1.1132832915369724,1.1225745923180752,1.1525863031871548,1.125617225256924,0.7654580009576848,0.9496885510523402
2019-01-25,1.0998356583274713,1.0494751129930273,1.1718375713010354,1.0767950116917593,1.0792886481328177,1.1132461706341918,1.1221283922367093,1.1519568728216356,1.1259221158600206,0.7735908877050999,0.9523184351227568
2019-01-28,1.1000703135519019,1.0489074687167739,1.1763574982243719,1.0771356602341764,1.0783752207502961,1.113209048353399,1.118714750800354,1.15300658415102,1.1260106014867517,0.7733742111466774,0.9526396170723314
2019-01-29,1.1003049137261764,1.0483395020374857,1.1808570873337492,1.07747619277468,1.0782736360286367,1.113171924694491,1.1152894165009009,1.1540551947419866,1.126197182979608,0.7765748091779482,0.9526931302098066
2019-01-30,1.100539458876118,1.0477712125887264,1.1853365208329372,1.0778166093922485,1.0785784211551186,1.1131347996573662,1.1118523089590937,1.15510270690061,1.1264311866088232,0.7685941456150469,0.9526931302098066
2019-01-31,1.1007739490275315,1.0472026000034345,1.1897959784881165,1.0781569101657782,1.0790862415898128,1.1130976732419218,1.108403346964002,1.156149122925724,1.1266872056009731,0.7790565755499053,0.9533887637714503
2019-02-01,1.1010083842062044,1.046633663913922,1.1942356376711654,1.0784970951740864,1.0803043920313962,1.1130605454480553,1.104942448461506,1.1571944451089538,1.127028661512882,0.7933524186048491,0.9556346329763058
2019-02-11,1.101242764437906,1.048720950441436,1.1912316014109925,1.0787717665494054,1.0775668882293037,1.114597693185033,1.1083218647441482,1.1544645279015249,1.1270641759154683,0.8115423551694854,0.9568617577695618
2019-02-12,1.101477089748387,1.0508038892787774,1.1882185137261594,1.0790463625010762,1.0750252046180793,1.1161324817252791,1.1116898990368609,1.1517271378458795,1.1271203535164578,0.8187615345360002,0.9578742271290418
2019-02-13,1.1017113601633803,1.0528824985002438,1.1851963199063462,1.0793208830705106,1.0730886028445612,1.117664918299433,1.1150466277521494,1.148982233917517,1.1272483538942506,0.8387865169702262,0.9587792045046074
2019-02-14,1.1019455757086005,1.0549567960676585,1.1821649647436951,1.0795953282990842,1.0730630717988092,1.119195010104942,1.1183921265356043,1.1462297747531818,1.1276114273504718,0.8402907721578459,0.9590983194923747
2019-02-15,1.1021797364097448,1.0570267998313017,1.1791243925267567,1.0798696982281402,1.0730375401012062,1.1207227643062667,1.1217264702761318,1.1434697186471232,1.1279706914710732,0.8216436853242647,0.963085984315854
2019-02-18,1.1024138422924912,1.0581535603946821,1.179608068463879,1.0814501579982552,1.0730120077517191,1.1214007304079612,1.1227116272444755,1.1454055928153022,1.1288113529881894,0.8537040681079829,0.9645158418596763
2019-02-19,1.1026478933825006,1.0592790527976084,1.1800915105716867,1.083028123856812,1.0729864747503144,1.1220782371830285,1.1236958146337543,1.147337726615568,1.129650940965269,0.851925059825292,0.965044662589449
2019-02-20,1.1028818897054151,1.0604032798914813,1.1805747190761569,1.0846036036620252,1.0728843401368917,1.1227552852534408,1.124679034350587,1.14926613447383,1.1304798834452794,0.8555068612504534,0.965520349693043
2019-02-21,1.10311583128686,1.0615262445180955,1.1810576942029378,1.086176605235027,1.0715564545393468,1.1234318752399086,1.1256612882959738,1.1511908307327017,1.1311545399044944,0.8528358916769105,0.965520349693043
2019-02-22,1.103349718152442,1.0626479495096828,1.1815404361773525,1.0877471363600986,1.0714541736760945,1.1241080077618824,1.1266425783653182,1.1531118296521397,1.1319813329404131,0.8753210850274977,0.972599434694892
2019-02-25,1.1035835503277496,1.0625545788280768,1.183256023900177,1.0897946967825698,1.0730311736760978,1.1247836834375575,1.1283548847505218,1.1557631178486647,1.1331647417990842,0.9347963301895945,0.9752223167176587
2019-02-26,1.0999766973070102,1.0624611994275726,1.184968673422508,1.091838073268221,1.0746056906628132,1.1254589028838773,1.1300642641544572,1.158407395303585,1.13376985717501,0.9227866130172273,0.9753269575380429
2019-02-27,1.1022391407459242,1.0623678113065416,1.186678394791353,1.0938772828809,1.075076206655373,1.1261336667165354,1.1317707265666916,1.16104469899581,1.1351154944955766,0.9210768355325542,0.9751700127303002
2019-02-28,1.1044964770890395,1.062274414463355,1.1883851980022757,1.0959123425802781,1.075484725366521,1.1268079755499807,1.1334742819257386,1.1636750656124453,1.1364507515655589,0.9186246757561303,0.9766350608675962
2019-03-01,1.1062982788908413,1.062181008896383,1.190089092999746,1.0979432692226934,1.0755982671120363,1.1274818299974194,1.135174940119406,1.1662985315518537,1.137678949629445,0.9405194424326988,0.9836361057996756
2019-03-04,1.10899612061746,1.0620875946039963,1.18755088701968,1.0994441351068573,1.0788248766823223,1.1288286313442215,1.1349416586264045,1.165677643090031,1.1385233307849174,0.9523576912572744,0.9849850733206884
2019-03-05,1.122449035415666,1.0619941715845644,1.18500622215604,1.1009427517684007,1.080012103079249,1.130173621256798,1.1347083227004497,1.1650563688862234,1.1407248059215886,0.9581324467987731,0.9860731562222429
2019-03-06,1.1242189469200907,1.0619007398364566,1.1824550654535773,1.1024391259386803,1.0808667649524062,1.1315168046013253,1.1344749323161336,1.16443470846083,1.1411310141409277,0.9665391333640598,0.9865389706210836
2019-03-07,1.1251023391462391,1.0618072993580414,1.1798973837041773,1.103933264318881,1.0838901995424015,1.1328581862243978,1.13424148744803,1.1638126613333548,1.1416740933933252,0.9563418666681145,0.9861768392191177
2019-03-08,1.1330458519441207,1.061713850147687,1.177333143444263,1.105425173580195,1.0858832859621552,1.1341977709531328,1.134007988070695,1.1631902270224046,1.1431461477060778,0.9166264670067994,0.983433993905243
2019-03-11,1.1365484789143485,1.0688166538860049,1.1746277123923754,1.1076915346700855,1.086906431929005,1.1405522860033008,1.138497413268567,1.1625674050456862,1.146217445168904,0.9364127737998156,0.98416051180872
2019-03-12,1.1487648838009106,1.0758693636113206,1.171914942127577,1.1099527709819834,1.0881491009694133,1.1468666761661463,1.142966773607515,1.1619441949200056,1.1506062970489976,0.9432225165577615,0.9853532104189668
2019-03-13,1.156092470007807,1.0828726809721756,1.1691947927223558,1.112208905640268,1.087873732122674,1.1531414449904536,1.1474162476436767,1.1613205961612638,1.1540553162214695,0.9349250209847789,0.9848870582461797
2019-03-14,1.1633667532769554,1.0898272929780322,1.1664672239224863,1.114459961613154,1.089174224578445,1.1593770866051574,1.1518460115603049,1.160696608284457,1.1576767610325032,0.928024191542672,0.9844206886742033
2019-03-15,1.1701636946533363,1.0967338724036955,1.1637321951434525,1.1167059617140978,1.0905162558990582,1.1655740859528425,1.156256239209628,1.1600722308036715,1.1612154251216076,0.940599593936622,0.9897086766466228
2019-03-18,1.1718514583664161,1.0952898290823958,1.16160366464816,1.118481109643092,1.0918859226854198,1.1675189806043809,1.1563323813416078,1.1587780694053822,1.1616021642413648,0.9691042668338182,0.9916167783432861
2019-03-19,1.1726939183495668,1.0938436974844206,1.1594705938466179,1.120253112005762,1.093925855197162,1.1694600999832212,1.1564085176764047,1.1574822309830282,1.1619439959763587,0.9644855870129576,0.9923373877729751
2019-03-20,1.1752191708748194,1.0923954715611766,1.1573329633278315,1.12202197993029,1.095255663235462,1.171397458717479,1.1564846482149014,1.156184711184666,1.162447586294287,0.9648716108629718,0.9925431279231656
2019-03-21,1.1785776931250296,1.0909451452377539,1.1551907535560595,1.123787724485911,1.0979117472302156,1.1733310713504135,1.1565607729579805,1.154885505641389,1.163240057089845,0.9652496639677002,0.9926459768381095
2019-03-22,1.1794145132087115,1.0894927124127718,1.1530439448697414,1.125550356683326,1.09871425291788,1.1752609523410844,1.156636891906524,1.1535846099672407,1.1634206810216934,0.9644443242263994,0.9964509953490104
2019-03-25,1.1835951152154003,1.0900381669582262,1.1559125147221745,1.128158455516545,1.0988991483254613,1.176866088777682,1.1559645590383265,1.1560550396722866,1.1651861509190327,0.9407159085552637,0.9959899770107253
2019-03-26,1.184427754682511,1.0905833241452152,1.1587728794186725,1.1307597698648468,1.0989049860484357,1.1784686528802466,1.1552917738345232,1.1585193813943384,1.1664242911629166,0.9293902539035697,0.9952212587203548
2019-03-27,1.1860916481933264,1.091128184297776,1.1616250857648311,1.133354334933808,1.1000764156206109,1.1800686528802473,1.1546185356860552,1.1609776650653756,1.1679300787294378,0.9409969817521497,0.9957341318355462
2019-03-28,1.1869222129773793,1.091672747739417,1.1644691801668867,1.135942185655682,1.1014233439243788,1.1816660969697048,1.1539448439826323,1.163429920397173,1.1693300777579587,0.936992590010974,0.9958879148989048
2019-03-29,1.190241715052068,1.092217014793118,1.1673052086362485,1.1385233566922257,1.1016446185047821,1.1832609933014437,1.1532706981127296,1.165876176883459,1.170959997187671,0.9755989627177651,1.0002956848748157
2019-04-01,1.1935502344896198,1.0929221623704324,1.166540422776289,1.1400563013146012,1.0952116100885052,1.1860476175052657,1.154479887955535,1.1727718361306674,1.172101539219242,1.0018337458204885,1.0022347571818013
2019-04-02,1.1931380333354564,1.0936268130650166,1.1657750515712548,1.141586899614544,1.0959479439661108,1.188826498013404,1.155687617424134,1.1796202709052932,1.1735746845525385,1.0011694160512175,1.002998699122214
2019-04-03,1.192725662201436,1.0943309675766355,1.165009094124446,1.143115158763631,1.0958015662295844,1.1915976777442037,1.1568938900417456,1.1864221236351522,1.1749310809854343,1.0139788558050506,1.003405823804148
2019-04-04,1.195750964731689,1.0950346266035753,1.1642425495371025,1.1446410859006102,1.0961216924061392,1.1943611992601928,1.158098709318854,1.193178023727525,1.1768551275888173,1.0239411646142478,1.0106802159091433
2019-04-08,1.1987671424119744,1.0957377908426515,1.164160722056708,1.1461646881315994,1.0963636615667838,1.1979832465042863,1.1615821471553225,1.1980283403654064,1.1790022250866852,1.022710313579225,1.0114882559071232
2019-04-09,1.2017742501211048,1.0964404609892084,1.1640788878800292,1.1476859725302844,1.0958466751488936,1.2015922218691057,1.1650534927751155,1.2028552449874899,1.1810472169238804,1.027196132721842,1.0119928731549408
2019-04-10,1.2047723422442993,1.097142637737127,1.16399704700597,1.1492049461381182,1.0950756741553749,1.2051882193675414,1.1685128298403396,1.207658962523197,1.1830532748287892,1.0297529181408038,1.0124972358926216
2019-04-11,1.207761472679082,1.097844321778827,1.1639151994334336,1.1507216159645135,1.0936262459177053,1.2087713320019073,1.1719602411478487,1.2124397146759542,1.1849674006827802,1.0081490902959245,1.0115898406211592
2019-04-12,1.2107416948410976,1.0985455138052718,1.1638333451613239,1.15223598898704,1.0942287686883683,1.2123416517783734,1.1753958086411338,1.217197719984589,1.187130944604649,1.0059077342755323,1.0102275115430017
2019-04-15,1.214793558698472,1.0994464147061729,1.1643381544934752,1.154131493239774,1.0947370855339877,1.2145071583522327,1.1769271831431258,1.215328823757511,1.1885158917024699,1.0026233903169701,1.0098233078243277
2019-04-16,1.2188290712085608,1.1003465047151737,1.1648427091217415,1.1560234113536771,1.0967966768985562,1.2166679856403946,1.1784562161229999,1.213456428217473,1.1900904140651767,1.0303606422991007,1.0104804044680802
2019-04-17,1.2228483638130623,1.1012457852907134,1.1653470093030176,1.1579117568724877,1.097032633576128,1.2188241538215128,1.1799829147303529,1.211580520235696,1.1914326721245836,1.0307155308273903,1.0109855315075307
2019-04-18,1.226851566375112,1.102144257887299,1.165851055293809,1.1597965432633637,1.0972685345912798,1.2209756829439964,1.181507286082086,1.2097010866093783,1.1927706370641256,1.0270064263950593,1.0109350443060363
2019-04-19,1.230838807204458,1.1030419239555216,1.166354847350234,1.1616777839174564,1.0980053077587022,1.2231225929271279,1.1830293372626037,1.2078181140611357,1.1941669483927901,1.038924168679101,1.01522667310539
2019-04-22,1.2303622384991364,1.1032212961528312,1.1705548473502332,1.1631462480484145,1.100132196541121,1.2226635263624763,1.1817196442991147,1.20997414242993,1.1950075615865932,1.0158693297110841,1.0149753031390736
2019-04-23,1.2298854425677952,1.1034006361815254,1.174737281128364,1.1646125589544023,1.100952381646402,1.2222042489589249,1.18040823379051,1.2121255323410436,1.1956821049101358,1.0142298266295637,1.0146232967023845
2019-04-24,1.2294084191936496,1.1035799440531413,1.178902295011743,1.166076722940769,1.1014864244475104,1.2217447605227176,1.179095101226061,1.214272303709893,1.1963181654365376,1.0169867244725648,1.0147742097261785
2019-04-25,1.2289311681596058,1.1037592197792079,1.1830500335067056,1.167538746285207,1.1026568096265112,1.221285060859831,1.1777802420772465,1.2164144763239073,1.1970310704523541,0.9950839878091156,1.01401975846373
2019-04-26,1.2284536892482576,1.1039384633712492,1.1871806393288917,1.1689986352379163,1.103825826605366,1.2208251497759743,1.1764636517976572,1.218552069843624,1.1977411226395565,0.9817525825191733,1.0064192148486901
2019-04-29,1.2304441351081303,1.106178606740425,1.1884469683078334,1.1708507083649327,1.1055743999592766,1.221592020941618,1.1738207813294028,1.2171838408231355,1.198666345457896,0.9845963038344845,1.0057091316675175
2019-04-30,1.2324306269635135,1.1084137430837417,1.1897116957257947,1.1726993576582712,1.1054661505836456,1.2223583044665216,1.1711709075880927,1.2158137371870914,1.1993565572102107,0.9878985885129605,1.0055568628623202
2019-05-06,1.2341752740689853,1.1101978644039918,1.1893394048070336,1.1745445957535092,1.1030302759499955,1.2226645831801508,1.1733089420967198,1.2190783540871124,1.2003610207628006,0.9294836299495305,1.0030186629536952
2019-05-07,1.2359168826820315,1.1119788083042588,1.188966975236125,1.176386435216405,1.1039333627238432,1.2229707681158515,1.1754424151663012,1.2223323479437964,1.2017799508952813,0.9392675425375315,1.0023570516757676
2019-05-08,1.237655463367981,1.1137565860820366,1.188594406909755,1.1782248885434128,1.1048356346678316,1.2232768593310337,1.1775713462188149,1.2255757876675448,1.2031958892509813,0.9249663548482175,1.0016440755095424
2019-05-09,1.239391026637151,1.115531208974672,1.188221699724492,1.1800599681621895,1.105737093251032,1.223582856883053,1.1796957545524585,1.2288087415004068,1.2046088495814267,0.9064903523832962,1.0005738482136497
2019-05-10,1.2411235829452307,1.1173026881597918,1.1878488535767913,1.181891686432102,1.1057776803335178,1.2238887608292135,1.1818156593426994,1.2320312770246937,1.205911338083063,0.9428128237003505,0.995676138913104
2019-05-13,1.2422242118760485,1.118010026798165,1.192484526948312,1.1823163399266465,1.1066550987906107,1.226029433612088,1.1811352610003971,1.2370987744286397,1.207568670373144,0.926267902846298,0.995265987669833
2019-05-14,1.2433236307546411,1.1187168654622397,1.1970988100107114,1.182740813167146,1.1076765689739159,1.2281655337036357,1.1804543994009915,1.2421407217774847,1.2092383038274357,0.9198406105680437,0.994855668133494
2019-05-15,1.2444218422387956,1.1194232048583195,1.201691899259187,1.1831651063065616,1.1088011614779216,1.2302970805976674,1.1797730739132244,1.2471573754227827,1.210915170939604,0.9423197952380846,0.9958818880524228
2019-05-16,1.245518848977551,1.120129045691212,1.206263988493757,1.18358921949766,1.1093368141745803,1.2324240936636048,1.179091283904547,1.252148987877265,1.212512811939249,0.9468461146991118,0.9961894384137945
2019-05-17,1.2466146536112395,1.1208343886642327,1.2108152688683225,1.1840131528930136,1.1095236145158354,1.2345465921475345,1.1784090287411157,1.2571158078911069,1.2140612850924184,0.9214184926091323,0.9928586672121547
2019-05-20,1.2467710257769937,1.1210106001179772,1.215228756695427,1.1848959732096516,1.1091751140306259,1.2351517358691697,1.177403566973489,1.2629763169721953,1.2151955876865737,0.9129306775705986,0.991676147931949
2019-05-21,1.2469273734943171,1.1211867805267155,1.2196228512397491,1.1857780148420165,1.10919052273693,1.23575651361335,1.1763970932349985,1.2688026805963546,1.2163697633024426,0.926472093739033,0.991984996441755
2019-05-22,1.247083696770853,1.1213629299013852,1.2239977221875078,1.1866592791625616,1.1101631823349627,1.2363609258224777,1.1753896054865467,1.2745952943464713,1.2176580362162572,0.9217267858667308,0.9920364553003974
2019-05-23,1.2472399956142413,1.1215390482529175,1.228353537007556,1.1875397675401151,1.1111348967856087,1.236964972938154,1.174381101682869,1.280354546970647,1.2189406875804263,0.9038004531746023,0.9910073310851045
2019-05-24,1.247396270032119,1.121715135592238,1.2326904609898492,1.188419481339892,1.1114097884148717,1.2375686554011796,1.1733715797725046,1.2860808205387488,1.220130787456093,0.9065767118382034,0.9869381026932225
2019-05-27,1.2475525200321194,1.124003867986604,1.2304230894848494,1.1882202548076057,1.1121016331034221,1.238926121464527,1.1725383726826697,1.2822762944646262,1.2200722215273874,0.9186220886005597,0.9877138978832922
2019-05-28,1.2477087456218707,1.1262873740466777,1.2281505653233216,1.188020988576199,1.1122706337717396,1.2402817473117924,1.171704470779857,1.278457238693243,1.2199451937729924,0.9282613715654778,0.9885924508548685
2019-05-29,1.247864946809,1.1285656775868107,1.225872865032851,1.1878216826298476,1.112430005195487,1.2416355379255095,1.1708698729042881,1.2746235418196887,1.2198138467548545,0.9259875674230695,0.9886440850780316
2019-05-30,1.2480211236011285,1.1308388022589564,1.2235899649802673,1.1876223369527172,1.1128274103510019,1.2429874982680054,1.1700345778932775,1.2707750911528453,1.2197091288876243,0.9197838124181704,0.9883859272919927
2019-05-31,1.2481772760058756,1.1331067715541412,1.221301841370174,1.1874229515289647,1.1142244925984617,1.2443376332815057,1.169198584581224,1.2669117726955084,1.2197262359596541,0.9166557055956569,0.9898319842046611
2019-06-03,1.2485675960683267,1.131366127515847,1.2199891693111418,1.1864991436809968,1.1149488886476284,1.2405923149294467,1.1683618917996008,1.2678980649054714,1.2188206558725494,0.9172673112257347,0.989883554520787
2019-06-04,1.248957763840469,1.129622448352813,1.2186747718793265,1.1855744816229636,1.1155904151359728,1.2368329164332066,1.1675244983769455,1.2688833853016037,1.2179016803974347,0.908032755153477,0.9894710132666616
2019-06-05,1.2493477794410928,1.1278757234619834,1.2173586445331073,1.1846489637736908,1.1158621714279913,1.2330593315275467,1.1666864031388502,1.2698677357971158,1.2169334288645177,0.9076520377930434,0.9891098906913418
2019-06-06,1.2497376429888511,1.126125942184643,1.2160407827129078,1.183722588547611,1.1161835985644801,1.2292714527396686,1.165847604907952,1.270851118299574,1.2159683131208359,0.8986392219135849,0.984207170972087
2019-06-10,1.2506729508610257,1.1266517966982275,1.214721181841102,1.1842053390480232,1.1161405641197102,1.231096547796703,1.1650081025039225,1.2707978346976025,1.2162949775564296,0.9115604378432055,0.9844664801723775
2019-06-11,1.251607384749828,1.127177374834177,1.2133998373219161,1.1846878566128394,1.1160975278228973,1.2329183179500358,1.164167894743458,1.2707445482563373,1.2166206961695512,0.941620757888404,0.9861774772170189
2019-06-12,1.2525409462870924,1.127702676882855,1.2120767445413367,1.1851701414667422,1.1142669718847777,1.2347367752920575,1.1633269804402704,1.2706912589754764,1.216722030786756,0.9340440226063064,0.9859704378795447
2019-06-13,1.2534736371000879,1.1282277031341676,1.21075189886701,1.1856521938340896,1.115840266125293,1.236551931849311,1.1624853584050752,1.2706379668547163,1.2172479041729447,0.9324970582867268,0.9862810611970018
2019-06-14,1.2544054588115339,1.1287524538775644,1.2094252956481473,1.186134013938915,1.1158316562557031,1.2383637995829666,1.1616430274455836,1.2705846718937548,1.2175750985666922,0.9242184229184212,0.9908872096288411
2019-06-17,1.255181254001604,1.1295391671642776,1.2102727532752662,1.1877902070439834,1.1158230463119823,1.2379116518813844,1.1647356808159446,1.2728365040056802,1.2185667948890815,0.9242020065107689,0.9910932783527605
2019-06-18,1.2559564478000533,1.1303252620197235,1.211119493326071,1.1894436617088364,1.116641954676521,1.2374592996497804,1.167818799169937,1.2750832767625635,1.2196598438472672,0.9277042309705233,0.9909902652185858
2019-06-19,1.2567310411385506,1.1311107394154296,1.2119655170147343,1.1910943869742987,1.115940334449974,1.2370067427030316,1.1708924411220132,1.2773250128478821,1.2205607492178556,0.9408789873520461,0.9915568958269412
2019-06-20,1.2575050349466004,1.1318956003206357,1.2128108255523509,1.1927423918364974,1.115924072980859,1.2365539808557635,1.1739566647478028,1.2795617347929038,1.221545256482732,0.9711754937541947,0.9924321017577484
2019-06-21,1.2582784301515502,1.1326798457023017,1.2136554201469458,1.1943876852471558,1.1159078112473044,1.23610101392235,1.1770115275906956,1.281793464978045,1.2225277052526131,0.9725911844127259,0.9997876904620333
2019-06-24,1.2588966681731883,1.1334634765251141,1.215550908624712,1.1953895491800541,1.1156705773940292,1.2365541861277878,1.1758057348130215,1.2859307599250112,1.2233842392347551,0.9745030557513487,1.0001451251025562
2019-06-25,1.2595145242127312,1.1342464937514933,1.217442811023281,1.1963904103862082,1.1152151334031195,1.2370071530612015,1.174598486343862,1.2900510081896517,1.2242109826359662,0.9641002462638615,1.0001451251025562
2019-06-26,1.2601319987419068,1.1350288983416001,1.219331140886053,1.1973902708707918,1.116562942925471,1.2374599149084695,1.1733897786642071,1.2941543496686843,1.2252606338980305,0.9622640371675236,1.0004513881825419
2019-06-27,1.2607490922315705,1.1358106912533443,1.2212159116798507,1.1983891326329696,1.1174758872329997,1.2379124718552184,1.1721796082422693,1.2982409225437312,1.226253443483658,0.9729352228577509,1.0007575574941712
2019-06-28,1.2613658051517063,1.1365918734423905,1.2230971367954937,1.1993869976659224,1.1183879988334346,1.2383648240868224,1.1709679715334245,1.302310863309243,1.2272436805811804,0.9705283302265453,1.0025429984980991
2019-07-01,1.261828054766498,1.1372857155933012,1.2266724695715219,1.2003838679568695,1.1130061961967301,1.2388169717884043,1.1708804277615386,1.299909778948564,1.2270454704223996,0.9993395724140248,1.0040706489716709
2019-07-02,1.2622900908053092,1.1379790766610773,1.2302350648837623,1.2013797454870931,1.1133554118047468,1.2392689151448366,1.1707928763250695,1.297502915505714,1.2275615261774249,0.9996851175495878,1.004731621109153
2019-07-03,1.262751913465408,1.1386719573123851,1.2337850131668908,1.2023746322319626,1.113482006223086,1.2397206543407406,1.1707053172226756,1.2950902450946522,1.2280476495758896,0.9886010139929723,1.0044775689776557
2019-07-04,1.263213522943789,1.1393643582125064,1.237322403895874,1.2033685301609567,1.1136066667628468,1.2401721895604876,1.1706177504530135,1.2926717396270093,1.2285314330733894,0.9833538475399077,1.0039693355968873
2019-07-05,1.2636749194371757,1.1400562800253415,1.2408473255995025,1.204361441237688,1.1140918234607915,1.240623520988199,1.170530176014741,1.2902473708101274,1.2290581868501613,0.9885434889124516,1.007274532383219
2019-07-08,1.2641361031420182,1.141784888495523,1.2415422526321638,1.20500734665868,1.1154124197799833,1.241225024747597,1.1700422185546222,1.2896332726850868,1.2296819811025976,0.9653209470445794,1.0060074906722059
2019-07-09,1.2645970742544952,1.143510514034781,1.2422366970766079,1.2056528351551528,1.1157052859057144,1.24182616691772,1.1695540228757797,1.28901879721181,1.2301766135828842,0.9627807068525099,1.005753760843727
2019-07-10,1.265057832970514,1.1452331669202245,1.242930659602631,1.2062979072649993,1.1161588084555425,1.2424269479330394,1.1690655887455057,1.2884039439262693,1.2306906343188817,0.9610960822812454,1.005753760843727
2019-07-11,1.2655183794857123,1.1469528573759424,1.2436241408786364,1.2069425635250721,1.1166121254159067,1.243027368227245,1.1685769159307502,1.2877887123635812,1.2312039372510608,0.9606946816041458,1.0059060373779132
2019-07-12,1.2659787139954557,1.1486695955733672,1.2443171415716368,1.207586804471186,1.1170212641215809,1.2436274282332451,1.1680880041981223,1.2871731020580026,1.231711027479989,0.9669056812290026,1.0036729882508326
2019-07-15,1.2665922109279713,1.1487552853762806,1.2429698738808788,1.208138655471416,1.1166218481479964,1.2428028405270979,1.1673229220458583,1.28345095264778,1.2311278217873873,0.9709647770430928,1.0042324999497136
2019-07-16,1.2672053317127658,1.1488409678370808,1.2416207886111246,1.2086902021000872,1.1164708124060576,1.2419775723149287,1.1665572540947107,1.279714897080531,1.2305738350244277,0.9664278685735869,1.0039274824112052
2019-07-17,1.267818076810805,1.148926642957026,1.2402698808516113,1.2092414446927648,1.116319753848878,1.2411516224726098,1.1657909994469364,1.2759648310582419,1.2300180057422572,0.9658499614380098,1.0037749271099083
2019-07-18,1.2684304466822076,1.1490123107373738,1.2389171456716466,1.2097923835844593,1.116771085564302,1.2403249898732258,1.1650241572027284,1.2722006491051085,1.2295356243882714,0.9563247501170965,1.0031137532720487
2019-07-19,1.2690424417862465,1.1490979711793816,1.2375625781205022,1.210343019109628,1.1172222136713037,1.2394976733870644,1.164256726460208,1.2684222445497362,1.2290513554163718,0.9668225741272866,1.0029101805711478
2019-07-22,1.2693482521838,1.1491836242843068,1.2349131517403285,1.210423275931458,1.1172050173910484,1.238669671881607,1.1640175070708467,1.2639083556608472,1.2282535038177793,0.9599212411300911,1.002452048730985
2019-07-23,1.269653969089945,1.1492692700534057,1.2322566872530638,1.2105035263126473,1.1177037180941989,1.2378409842215194,1.1637782304418764,1.2593739991906694,1.227517264196954,0.9620975225711438,1.002502975600001
2019-07-24,1.2699595925618277,1.149354908487935,1.2295931471661485,1.2105837702542297,1.1177559186998538,1.2370116092686427,1.1635388965458988,1.2548189886791068,1.2267223143589434,0.9699921691458645,1.0027575969780118
2019-07-25,1.270265122656542,1.149440539589151,1.2269224936866316,1.2106640077572386,1.1178081165807474,1.2361815458819838,1.1632995053554946,1.250243135106421,1.2259244436290613,0.9781705435761402,1.0034194440404292
2019-07-26,1.2705705594311296,1.1495261633583091,1.2242446887179583,1.2107442388227072,1.1178603117371646,1.235350792917706,1.1630600568432259,1.2456462468461664,1.2251236288695975,0.9801180542679738,1.005200161415143
2019-07-29,1.2707079640112826,1.1487556154131038,1.2231398582965816,1.210068059807178,1.1176789112105272,1.2336879055405334,1.1615599938153676,1.2425720563829885,1.2241041184242516,0.9790036517820787,1.0054540974232689
2019-07-30,1.2708453497140102,1.1479844732659013,1.2220338058748417,1.2093914232642173,1.118347350195417,1.2320222483630656,1.1600576772179254,1.2394883861301276,1.223188977758997,0.9831678644604848,1.005504871731469
2019-07-31,1.2709827165444998,1.1472127359995663,1.2209265287465527,1.2087143285742463,1.1186145471844924,1.2303538121428326,1.1585531002695615,1.236395177441648,1.2222218132714602,0.9741350196311166,1.0047432957769604
2019-08-01,1.2711200645079344,1.1464404026948376,1.2198180241965288,1.208036775116427,1.1189732587231673,1.2286825875910248,1.1570462561582828,1.2332923711257133,1.2212642110498781,0.9658202851602976,1.004286001940265
2019-08-02,1.2712573936094969,1.1456674724303237,1.2187082895005452,1.2073587622686581,1.118834657527129,1.2270085653721847,1.1555371380412565,1.2301799074377895,1.22024255913704,0.9510890003072556,0.9994059694067148
2019-08-05,1.2720507416909679,1.1448939442824941,1.226472144299666,1.2076462507691181,1.1186960371181365,1.2253317361038925,1.1563372904512392,1.2360496084021966,1.221455987065627,0.9319425963621625,0.9982821443147655
2019-08-06,1.2728434608701988,1.1441198173256732,1.2341761860373688,1.2079336566436942,1.118557397490862,1.2236520903564505,1.157136803129226,1.2418850570281763,1.2226593251219517,0.921234402798505,0.9974127569771364
2019-08-07,1.2736355521434852,1.1433450906320346,1.2418213292724976,1.208220979939867,1.1183780314543927,1.221969618652566,1.157935677097347,1.2476866507520312,1.2238476148034896,0.9171368648962793,0.9966449830097923
2019-08-08,1.2744270165047586,1.1425697632715934,1.249408467747242,1.2085082207050766,1.1181986332399765,1.2202843114670294,1.1587339133752854,1.2534547801326736,1.2250260700079656,0.9303526387756585,0.9975157954265528
2019-08-09,1.27521785494559,1.1417938343122005,1.2569384750141368,1.2087953789867214,1.118019202836066,1.2185961592263914,1.1595315129802837,1.2591898290093901,1.2261948151536635,0.920606884147379,0.9930631622314048
2019-08-12,1.2762056218326046,1.1419663968661262,1.256242087524241,1.2087609298852688,1.1181843466161594,1.2194416626852695,1.1594050107664948,1.2562375507672763,1.2261345101288865,0.938652696346535,0.9941941513327825
2019-08-13,1.2771924139989927,1.1421389296473545,1.2555452147408572,1.208726479597035,1.118349463128288,1.220286451871968,1.1592784925478714,1.253276530770251,1.2260730194271174,0.9296369898233267,0.9937319966650204
2019-08-14,1.278178233366552,1.1423114326661574,1.2548478559871374,1.2086920281219373,1.118514552381455,1.2211305279922873,1.159151958320363,1.2503067170955473,1.2260103382597851,0.9341790344253863,0.9938347451880103
2019-08-15,1.2791630818514004,1.1424839059328011,1.2541500105848178,1.2086575754598952,1.118679614384659,1.2219738922489771,1.1590254080799176,1.247328057356418,1.225946461790468,0.9373291539126772,0.994194328071865
2019-08-16,1.2801469613640015,1.1426563494575468,1.2534516778542126,1.208623121610826,1.1195248213172628,1.222816545841746,1.1588988418224817,1.2443404986965905,1.2259664066556404,0.941806685044242,0.9984050706003644
2019-08-19,1.2803435438530384,1.143173590836857,1.2537511724570702,1.2090021270087816,1.119957552575908,1.2236584899672724,1.159164664607292,1.24398474854266,1.2263221956601704,0.9635151156230796,0.9998368562415998
2019-08-20,1.2805400877049955,1.1436905648158335,1.2540505773897666,1.2093809888160671,1.1201881157216254,1.2244997258192152,1.1594304167491276,1.2436288717855186,1.2266525148634662,0.9626288269831369,1.0003985392481356
2019-08-21,1.280736592935058,1.1442072716708112,1.2543498927059806,1.2097597071414437,1.1203548068363223,1.2253402545882226,1.1596960982855262,1.2432728683350236,1.2269746515117943,0.9610526850722827,1.001010940370871
2019-08-22,1.2809330595584014,1.1447237116776972,1.2546491184593438,1.2101382820935482,1.1205214701697224,1.2261800774619438,1.1599617092539942,1.2429167381009365,1.2272965863718495,0.9641597040264205,1.001367955722531
2019-08-23,1.2811294875901922,1.145239885111971,1.254948254703439,1.2105167137808945,1.1212813283295333,1.2270191956250383,1.1602272496920096,1.242560480992922,1.2276924725045275,0.9713693858250714,1.0066193067982931
2019-08-26,1.280989209407766,1.1457557922486863,1.2565182503423398,1.211685969240286,1.1209140569654712,1.2271716346494284,1.1602019668401038,1.2430402287826554,1.2280743767709184,0.9569878068088289,1.0061121302501368
2019-08-27,1.2808489115446102,1.146271433362471,1.258085784958729,1.2128538591380384,1.1205466506635953,1.2273240504397038,1.1601766833489593,1.2435197465248118,1.2284557779632788,0.9705409719136773,1.0069747678915841
2019-08-28,1.2807085939952023,1.1467868087275288,1.2596508662560073,1.2140203866600823,1.1201791093247153,1.227476443002947,1.160151399218544,1.2439990344399094,1.2288366773012043,0.9667761858934255,1.0073296654782804
2019-08-29,1.2805682567540166,1.1473019186176387,1.2612135019014625,1.215185554981212,1.1194094653041229,1.2276288123462349,1.1601261144488249,1.2444780927481491,1.2291668300560008,0.9635178718014143,1.0075323921520425
2019-08-30,1.2804278998155254,1.1478167633061576,1.2627736995264949,1.2163493672651366,1.119077729640253,1.2277811584766432,1.16010082903977,1.2449569216694159,1.2295512388292975,0.9659979585516829,1.0077857491320275
2019-09-02,1.2802875231741984,1.149188975999125,1.2626995201360023,1.2168964069824995,1.1193885966349517,1.2278657823236432,1.160391618596632,1.2465021151604592,1.2300321265188425,0.9788230265195426,1.0087482617966677
2019-09-03,1.2801471268245035,1.1505593083047092,1.2626253352425194,1.2174431476110232,1.1195201497433225,1.2279503990100538,1.1606823236195094,1.2480449247122254,1.2304900291004155,0.980197652330286,1.0092037504347566
2019-09-04,1.2800067107609059,1.1519277653693687,1.26255114484523,1.2179895894775776,1.119626903439667,1.2280350085370864,1.1609729441575365,1.2495853576693112,1.2309442624347742,0.9886027581920622,1.0097096185043641
2019-09-05,1.2798662749778682,1.1532943523184633,1.2624769489433172,1.2185357329084963,1.120713387577,1.2281196109059525,1.1612634802598052,1.2511234213424252,1.2315203942983912,0.9987211318410587,1.0103669144898024
2019-09-06,1.2797258194698515,1.1546590742563685,1.2624027475359636,1.2190815782295785,1.1204144526991069,1.2282042061178635,1.1615539319753645,1.2526591230085935,1.2319227825474972,1.0046289304409182,1.0158239404106757
2019-09-09,1.2795853442313136,1.1550376470369856,1.2589466292446465,1.2197919265844117,1.120115428432431,1.2282887941740301,1.1628479605071156,1.252048498135807,1.2317453294350185,1.0108186070531084,1.0164772395714374
2019-09-10,1.279444849256711,1.155416076554488,1.2554785247740328,1.220501770702643,1.119816314723498,1.2283733750756625,1.1641403166930888,1.251437500172467,1.2315663734280624,1.0073728048154766,1.0169292283219395
2019-09-11,1.2793043345404964,1.1557943629172647,1.2519983506961405,1.2212111112996245,1.121567701635168,1.228457948823971,1.1654310048502379,1.2508261286623794,1.2316422304327914,1.0000077921615969,1.0166782369058458
2019-09-12,1.279163800077122,1.1561725062335815,1.2485060227089158,1.2219199490891848,1.1241159945927883,1.2285425154201652,1.166720029278823,1.250214383148513,1.231816193186309,1.010765788141343,1.018837304991807
2019-09-16,1.2811315591023245,1.1565505066115818,1.245001455623977,1.2223052837069668,1.1246606016075886,1.2294557574292972,1.1673480121976874,1.2466504846244022,1.2317772378332132,1.007075305357722,1.0185867914390236
2019-09-17,1.2830954536562937,1.1569283641592862,1.2414845633541485,1.2226904698991747,1.125324394997155,1.2303681661884203,1.1679756010015032,1.2430738392992962,1.2317498895309429,0.990272701838524,1.0178350624623773
2019-09-18,1.283585464964247,1.1573060789845933,1.2379552589007696,1.2230755077801074,1.1256655479995405,1.2312797432166787,1.1686027961846441,1.2394843556643274,1.2314583995750648,0.9951195108084614,1.0180858272951174
2019-09-19,1.284075236278718,1.1576836511952786,1.2344134543407845,1.2234603974639318,1.1260065846562468,1.2321904900290641,1.169229598240555,1.2358819412216704,1.2311641122235892,0.9987767249831074,1.018436810046822
2019-09-20,1.284238413464037,1.1580610808989964,1.2308590608135965,1.2238451390646832,1.1263503460498505,1.2331004081364338,1.1698560076617526,1.2322665024702388,1.2308184115616023,1.001648516195987,1.017985704839063
2019-09-23,1.2844015640269064,1.1570424051774344,1.2319440748549544,1.2242410442736644,1.1266939893121672,1.2317367717727987,1.1700312924996141,1.231324739434438,1.2306098344765073,0.9902171135051988,1.0173839597783871
2019-09-24,1.2845646879760118,1.1560226906974889,1.2330279129167965,1.2246367928037416,1.128030236143081,1.230371273365881,1.170206546618086,1.230382088644968,1.2305246646950518,0.9928953223438021,1.0174843110076897
2019-09-25,1.284727785320034,1.155001935338523,1.234110577545506,1.2250323847788755,1.1282173634832304,1.2290039078234938,1.1703817700279335,1.229438548426566,1.2302951858578781,0.9851795103122621,1.0167819228880832
2019-09-26,1.2848908560676506,1.1539801369734006,1.2351920712792037,1.2254278203228819,1.1299465501701933,1.2276346700325313,1.1705569627399168,1.2284941170992234,1.230257794337313,0.9774708680562959,1.0157778060088782
2019-09-27,1.2850539002275343,1.1529572934684569,1.2362723966477849,1.2258230995594284,1.1298503356457659,1.2262635548588579,1.17073212476479,1.2275487929781663,1.2299915565757575,0.9804673743018376,1.010902944213723
2019-09-30,1.2854451424215,1.153810535789276,1.2417951542177752,1.2271552287082201,1.130696538910014,1.227483997269231,1.169043358189859,1.2260181452358716,1.2308639214914376,0.9705728860924233,1.0087313367191522
2019-10-08,1.285836231604876,1.1546630507082871,1.2385790307186315,1.2284855856497523,1.1315420267197178,1.228702952015535,1.1692939690538395,1.223439927690056,1.230950912894548,0.9766417857995956,1.0082758250276853
2019-10-09,1.286227167897296,1.1555148394646757,1.2353525303959803,1.2298141750930958,1.1317002451798623,1.2299204227201455,1.1695445171277514,1.2208550457562848,1.2309497098272457,0.9780905777780825,1.0081239186020436
2019-10-10,1.2866179514182556,1.1563659032944629,1.2321155860714215,1.2311410017285782,1.131994032980327,1.2311364129922224,1.1697950024430495,1.2182634648919577,1.230963158287804,0.9862607675138263,1.0088835661255926
2019-10-11,1.287008582287109,1.157216243430517,1.2288681299120783,1.2324660702278822,1.1327264040646567,1.2323509264277765,1.1700454250311672,1.2156651502852158,1.2310291260840307,0.9958332697333875,1.0127801300646646
2019-10-14,1.28705363747972,1.1585756317057934,1.2293894157504797,1.232667931840532,1.1337855895829705,1.2323509264277765,1.1706963607512648,1.2182843152503642,1.2317765621479488,1.0064449428294346,1.0136874795958675
2019-10-15,1.287098690642452,1.1599331745532395,1.2299104299915355,1.2328697527132952,1.134800429740954,1.2323509264277765,1.1713468730296839,1.220896638110998,1.23251741911633,1.002147202241967,1.0137378422066652
2019-10-16,1.287143741775488,1.1612888769765575,1.2304311729181112,1.233071532862613,1.135205954261577,1.2323509264277765,1.1719969624169746,1.2235021545215492,1.2331810801059673,0.9987022990981119,1.0137378422066652
2019-10-17,1.287188790879011,1.1626427439591267,1.2309516448126288,1.2332732723049151,1.135526864370152,1.2323509264277765,1.1726466294626139,1.2261008998584781,1.2338331371404494,0.9993472646702065,1.013788202281198
2019-10-18,1.2872338379532033,1.1639947804641122,1.2314718459570715,1.2334749710566242,1.1335044660270925,1.2323509264277765,1.173295874715008,1.2286929092231569,1.2341912578045588,0.9851213104561752,1.012629978895157
2019-10-21,1.288014618733984,1.1645011095780364,1.2319917766329813,1.2332621097525684,1.133549582837333,1.2323509264277765,1.1727843019406614,1.22912379392675,1.2344072804875532,0.9880830252528611,1.0126803948265914
2019-10-22,1.2887947903717443,1.16500718245253,1.2325114371214623,1.2330492031289313,1.1336792878149025,1.2323509264277765,1.172272467325661,1.2295544930486795,1.2346336694581739,0.9919584748977833,1.012730808216388
2019-10-23,1.2895743538162154,1.1655129993468147,1.2330308277031796,1.232836251166411,1.1332526325758314,1.2323509264277765,1.1717603706018311,1.2299850067487363,1.2347903063645829,0.9855927757489389,1.0120250563385835
2019-10-24,1.2903533100149092,1.1660185605197166,1.233549948658362,1.2326232538456932,1.1332451112128015,1.2323509264277765,1.1712480115005839,1.2304153351865055,1.234999128164024,0.9854868621537665,1.012075502789676
2019-10-25,1.2911316599131248,1.1665238662296709,1.2340688002668023,1.2324102111474513,1.1333297271832201,1.2323509264277765,1.170735389752919,1.2308454785213652,1.2352192604838352,0.9922350478683843,1.0122772784151803
2019-10-28,1.2911316599131248,1.1653454150512197,1.2335502177257487,1.2316363649073347,1.132728064526074,1.2323509264277765,1.1702225050894213,1.2311783495338475,1.2348006945757029,0.9998798016272474,1.0130842180964392
2019-10-29,1.2911316599131248,1.164165573487087,1.2330313661173093,1.2308619193654473,1.1306529600418336,1.2323509264277765,1.1697093572402617,1.2315111097800902,1.2341976006666813,0.9957158727120082,1.0128322527668683
2019-10-30,1.2911316599131248,1.1629843382525276,1.2325122451621278,1.2300868735928165,1.130128863378054,1.2323509264277765,1.1691959459351953,1.2318437593337852,1.2337880343062908,0.9908568235000693,1.01258022393477
