,格量,品赋,象限,宽德,中信资管,平方和,致远三号,黑翼CTA三号,fof
2018-01-02,,,,-0.00015156107911484806,,,0.0015942458846212038,0.0005667451390705125,0.0006066275922455865
2018-01-03,0.00011111111111117289,,,-0.00015158405335757852,,,0.001591708310197948,0.0005664241209533127,0.0004495408486570625
2018-01-04,0.00011109876680359676,,,-0.00015160703456640334,,,0.0015891788010937713,0.0005661034662949316,0.0004489308682918093
2018-01-05,0.00011108642523893764,,,-0.00015163002274454218,,,0.001586657318918272,0.0005657831744787511,0.0004483226532262636
2018-01-08,0.0001110740864156412,,-0.0007387184840211836,5.6617126680924557e-05,,0.00038240917781995343,0.0016651930445032992,-0.0010265332753370826,9.806035722063182e-05
2018-01-09,0.00011106175033304133,,-0.0007392645924402252,5.661392136313559e-05,,0.00038226299694166244,0.0016624247863123998,-0.0010275881287445943,9.742435693014555e-05
2018-01-10,0.00011104941699069393,,-0.0007398115088939061,5.6610716408611594e-05,,0.00038211692777978534,0.0016596657168874707,-0.0010286451522919515,9.67892370162892e-05
2018-01-11,0.00011103708638682264,,-0.0007403592351766797,5.660751181668644e-05,,0.00038197097020598036,0.0016569157905541587,-0.001029704352682459,9.615498998001138e-05
2018-01-12,0.00011102475852098337,,-0.0007409077730888836,5.6604307587804215e-05,,0.0003818251240927939,0.0016541749619392032,-0.001030765736648065,9.552160835967945e-05
2018-01-15,0.00011101243339250999,,0.0007736943907161731,-7.075137965184553e-05,,0.0009541984732817088,-0.0016952868103764507,0.002256033578174277,0.00039225079916696835
2018-01-16,0.0003330003330002107,,0.000773096250483718,-7.075638576381493e-05,,0.0009532888465197953,-0.0016981656882694152,0.0022509553473277766,0.000436810234016182
2018-01-17,0.0003328894806926552,,0.0007724990343767058,-7.076139258421765e-05,,0.0009523809523803717,-0.0017010543604183415,0.002245899926877737,0.00043542048409867163
2018-01-18,0.00033277870216297245,,0.0007719027402552925,-7.076640011316471e-05,,0.0009514747859173944,-0.001703952876889292,0.0022408671634790434,0.00043403300121712255
2018-01-19,-0.0007485029940119681,,0.0007713073659858516,-7.077140835098916e-05,,0.0009505703422045819,-0.001706861288091721,0.002235856905158151,0.00020895720619344362
2018-01-22,-0.0007490636704120535,,0.0004335260115591044,-0.0005803666218416881,,0.0009496676163345263,-0.00017687375635644376,0.0023000432338953214,0.00029408870767994223
2018-01-23,-0.0007496251874061777,,0.0004333381482002352,-0.0005807036428531198,,0.0009487666034160291,-0.00017690504621648007,0.0022947651747817766,0.0002929697720295047
2018-01-24,-0.0007501875468867159,,0.0004331504475871828,-0.0005810410555106005,,0.0009478672985785419,-0.00017693634714910367,0.002289511284019774,0.0002918543024285988
2018-01-25,-0.0010010010010009784,,0.00043296290950944893,-0.0005813788604974723,,0.0009469696969699459,-0.00017696765916030976,0.0022842813959880193,0.0002389663606439682
2018-01-26,0.0006262525050100276,,0.000432775533754981,-0.0005817170584980769,,0.0009460737937561081,-0.00017699898225587152,0.002279075346573567,0.0005746475893930046
2018-01-29,0.0006258605582676324,,0.0019386365457028099,0.00046848381601360956,,0.0009451795841213251,0.0026554547466253187,0.002940673619422185,0.0014450937786690708
2018-01-30,0.0006254691018263703,,0.0019348855059493353,0.00046826444170111614,,0.000944287063267657,0.0026484219819025157,0.0029320514131805364,0.0014421136139034238
2018-01-31,0.0006250781347667544,,0.0019311489538285098,0.0004680452727425788,,0.0009433962264153717,0.0026414263702398966,0.002923479620627667,0.0014391480106755153
2018-02-01,0.0006246876561719628,,0.0019274268055695654,0.00046782630885044973,,0.0009425070688031667,0.002634467618002123,0.002914957800901563,0.0014361968548964148
2018-02-02,0.0006242976651265053,,0.001923718978044775,0.00046760754973629304,,0.0009416195856877252,0.002627545434639833,0.002906485518266999,0.0014332600337025269
2018-02-05,0.000623908160718667,,-0.00023801967629233367,-0.0010055945046384407,,-0.0011288805268101498,-0.0007279609812913534,-0.0016006739679865767,-0.0006318767317938674
2018-02-06,0.0006235191420378428,,-0.0002380763431466537,-0.0010066067428473602,,-0.0011301563382924984,-0.0007284912945291211,-0.0016032402328917117,-0.0006328306335874028
2018-02-07,0.000664672648720499,,-0.0002381330369890522,-0.0010076210209613023,,-0.0011314350367709336,-0.0007290223809870433,-0.0016058147396890154,-0.0006251917263368815
2018-02-08,0.0006642311524411859,,-0.00023818975783973517,-0.0010086373451528852,,-0.001132716632054942,-0.0007295542423579882,-0.0016083975281470098,-0.0006261608867870999
2018-02-09,0.0006637902422834685,,-0.00023824650571702133,-0.0010096557216193736,,-0.0011340011340004175,-0.0007300868803387095,-0.001610988638290678,-0.0006271321398546274
2018-02-12,0.0019900497512437276,,-0.0011279688617054084,-0.0014661921708184478,,0.0026490066225168807,0.0008767443559583032,-0.0014437367303609117,0.0004732252566910119
2018-02-13,0.0009930486593843213,,-0.001129242612209258,-0.001468345046830244,,0.0026420079260238705,0.000875976348638563,-0.0014458241197482513,0.0002645604394835223
2018-02-14,0.001984126984126977,,-0.0011305192427119026,-0.0014705042544687075,,0.0026350461133071157,0.0008752096856539104,-0.0014479175538708589,0.0004672278920188142
2018-02-22,0.001980198019801982,,-0.0011317987629925197,-0.0014726698217067957,,0.0026281208935610145,0.0026962034540551905,-0.0014500170590242556,0.0007153143068895744
2018-02-23,-0.000988142292490224,,-0.0011330811828736964,-0.0014748417766831112,,0.002621231979030414,0.002688953488372059,-0.0014521226616553973,9.790785555853254e-05
2018-02-26,0.0029673590504453173,,-0.00039942482824728565,0.0009751200975121055,,-0.0003734827264235685,7.247952453437456e-05,0.0010094097519246503,0.0007989212491219993
2018-02-27,-0.0004930966469427478,,-0.0003995844321905695,0.000974170164606214,,-0.0003736222678868417,7.247427163359355e-05,0.0010083918713359452,8.260910955756585e-05
2018-02-28,-0.0004933399111989312,,-0.0003997441637350052,0.0009732220806915048,,-0.00037376191366089717,7.246901949442552e-05,0.0010073760415245658,8.220355322187928e-05
2018-03-01,0.0029615004935834577,,-0.0003999040230344697,0.0009722758403751808,,-0.00037390166386208623,7.246376811598232e-05,0.0010063622562983543,0.000796643454680124
2018-03-02,0.0009842519685039353,,-0.00040006401024161864,0.0009713314382848726,,-0.00037404151860820356,7.245851749870802e-05,0.001005350509491132,0.00038720344682040134
2018-03-05,0.000983284169125076,,0.0008804930761230345,0.0009989297181591805,,0.0011225444340499102,0.0017243877698884802,0.0007489999148864168,0.0010705221811530188
2018-03-06,0.0006548788474132206,,0.0008797184900832811,0.0009979328533751275,,0.0011212857409821364,0.0017214193753705143,0.0007484393338890172,0.0010015503653316906
2018-03-07,0.0006544502617802372,,0.0008789452656816632,0.000996937976215806,,0.001120029867462513,0.0017184611829945684,0.0007478795913857805,0.0010004384419580546
2018-03-08,0.0006540222367559245,,0.000878173399329496,0.0009959450807426329,,0.001118776804026611,0.001715513140253977,0.0007473206854968772,0.0009993292603010268
2018-03-09,0.0009803921568627416,,0.0008774028874534157,0.0009949541610405621,,0.001117526541254632,0.0017125751950033408,0.0007467626143480288,0.0010658360614181446
2018-03-12,0.0009794319294809117,,0.0008606949314622359,-0.002357117500887407,,0.00018604651162790198,0.002040083327347064,-0.0008818790808106103,0.00011320275359346917
2018-03-13,-0.0009784735812133905,,0.0008599547727481394,-0.0023626866308942285,,0.00018601190476164042,0.0020359298607826037,-0.000882657477976112,-0.0002936308479642455
2018-03-14,0.004897159647404559,,0.000859215885945952,-0.0023682821394435116,,0.00018597731076797075,0.00203179327218872,-0.0008834372504713528,0.0009202654718093414
2018-03-15,0.0019493177387914784,,0.0008584782677807379,-0.002373904214394984,,0.00018594272963889935,0.0020276734588968726,-0.0008842184019454136,0.00030861293232883213
2018-03-16,0.0019455252918287869,,0.0008577419149873311,-0.002379553045397831,,0.00018590816136820898,0.002023570319068524,-0.0008850009360585886,0.0003060717477304098
2018-03-19,0.0009708737864075889,,0.008490715759403189,0.0035922120842015737,,0.000557620817843496,0.001692384270781444,0.008585299378247147,0.0035243319200083277
2018-03-20,0.00048496605237624557,,0.008419230466598426,0.0035793542844870796,,0.0005573100501574668,0.001689524945338805,0.008512219426100698,0.0034011837030961858
2018-03-21,0.0004847309743094552,,0.008348938826466812,0.003566588201726395,,0.0005569996286662882,0.0016866752654034478,0.008440373118081546,0.0033788714988377123
2018-03-22,0.0014534883720931369,,0.008279811189352282,0.003553912858056618,,0.000556689552792422,0.0016838351822503483,0.008369729478386434,0.003557383973777679
2018-03-23,0.0014513788098691194,,0.008211818879508836,0.00354132728946821,,0.0005563798219581084,0.0016810046474835527,0.008300258559641671,0.0035353626408565746
2018-03-26,0.0004830917874396601,,0.0030905077262706193,0.0023572588044320497,,0.0022242817423543393,0.0028768861937669143,-0.0014699877501020975,0.0015869020648505514
2018-03-27,0.0004828585224530002,,0.0030809859154945496,0.0023517152030643196,,0.0022193452931389412,0.0028686334617655795,-0.0014721517952073215,0.001582126525416706
2018-03-28,0.0009652509652509078,,0.0030715225976318816,0.002346197614464973,,0.002214430706773074,0.0028604279424548906,-0.0014743222213119411,0.0016772272889506233
2018-03-29,0.0009643201542912649,,0.003062117235347106,0.0023407058559696825,,0.0022095378383357733,0.002852269231844895,-0.0014764990566811242,0.0016723526509535916
2018-03-30,0.0009633911368014392,,0.003052769297864355,0.002335239746619422,,0.0022046665441854962,0.0028441569305412973,-0.0014786823297461282,0.0016675007039192006
2018-04-02,-0.0009624639076035724,,-0.0010588455772116978,-0.0018223353794641906,,0.0015276504735706187,0.0026414569720560888,-0.0018099547511312153,-0.00022861830781606806
2018-04-03,-0.0009633911368014392,,-0.0010599679195553158,-0.001825662348553081,,0.0015253203172655994,0.0026344980587906797,-0.0018132366273798661,-0.0002314331935364984
2018-04-04,0.002892960462873795,,-0.001061092643717343,-0.0018290014877044847,,0.001522997258603942,0.0026275757156686286,-0.0018165304268846771,0.0005638120507107045
2018-04-09,0.0009615384615384581,,-0.001062219757287819,-0.0018323528638184428,,0.0001824817518247812,-0.0003310344827586187,-0.0039209198444867255,-0.0008122185992084631
2018-04-10,0.0006404098623118415,,-0.001063349267888869,-0.0018357165442856038,,0.00018244845831016931,-0.00033114410287549134,-0.003936353972893936,-0.0008815455921492806
2018-04-11,0.000640000000000196,,-0.0010644811831758139,-0.00183909259699222,,0.00018241517694272957,-0.0003312537956162709,-0.003951910089876942,-0.0008845362826889536
2018-04-12,0.0006395906619762748,,-0.0010656155108356158,-0.0018424810903256983,,0.00018238190771446838,-0.00033136356105378795,-0.003967589647436931,-0.0008875463762341163
2018-04-13,-0.0009587727708532112,,-0.0010667522585885436,-0.0018458820931772646,,0.00018234865061983463,-0.00033147339925976294,-0.003983394120711914,-0.0012211873897078436
2018-04-16,0.000639795265515053,,-0.0010130793074768496,5.66291498549365e-05,,-0.0003646308113032237,-0.0005664548217739762,-0.0007424907188660068,-0.00025358506613523007
2018-04-17,0.0006393861892584063,,-0.001014106677967641,5.662594317579206e-05,,-0.0003647638154291588,-0.0005667758747011087,-0.0007430424209673436,-0.00025395985985137684
2018-04-18,0.0006389776357826893,,-0.0010151361343007093,5.662273686013464e-05,,-0.00036489691662100476,-0.0005670972917645178,-0.0007435949435543598,-0.0002543350165243989
2018-04-19,0.002873563218390718,,-0.0010161676828338573,5.6619530907076054e-05,,-0.00036503011498423277,-0.0005674190735845963,-0.0007441482884589234,0.00020770193432637183
2018-04-20,0.0009551098376314737,,-0.0010172013299525329,5.661632531750449e-05,,-0.00036516341062597935,-0.0005677412207821808,-0.0007447024575181205,-0.0001895110291169258
2018-04-23,0.002862595419847125,,-0.0010182370820666087,0.00016983936027181734,,0.0005479452054810707,0.00184274333217882,-0.00042344173441732913,0.0007902309867623375
2018-04-24,0.0019029495718363432,,-0.0010192749456128247,0.0001698105197616151,,0.0005476451259598392,0.001839353875089822,-0.00042362111327642893,0.0005909811051857739
2018-04-25,-0.0018993352326686086,,-0.0010203149270547884,0.00016978168904469015,,0.0005473453749329504,0.0018359768639306662,-0.0004238006441769082,-0.00019639950104809038
2018-04-26,-0.0019029495718363432,,-0.0010213570328810873,0.00016975286811615753,,0.0005470459518615023,0.001832612230275199,-0.000423980327312945,-0.0001978468241015031
2018-04-27,-0.00038131553860820677,,-0.0010224012696085083,0.00016972405697068815,,0.0005467468562070366,0.0018292599061988657,-0.00042416016287749603,0.00011627593397578844
2018-05-02,-0.0003814609956132031,,0.0006014664324440755,0.001013457776520843,,0.001214329083180754,0.0008237232289949326,0.0009901270191519096,0.0006801987631163169
2018-05-03,-0.00038160656363306344,,0.0006011048880314451,0.0010124317197213184,,0.0012128562765305606,0.0008230452674897748,0.0009891476373500296,0.0006794085533612612
2018-05-04,-0.00038175224279435316,,0.0006007437780100044,0.0010114077384453246,,0.0012113870381578185,0.0008223684210524329,0.0009881701911405028,0.0006786198974213509
2018-05-07,-0.000381898033225081,,0.0006003831015970462,-5.639362752019039e-05,,0.0018148820326666648,0.0014242673240207893,0.0004400067693348664,0.0006267091254779089
2018-05-08,-0.00038204393505247847,,0.0006000228580127498,-5.639680794067292e-05,,0.0018115942028973375,0.001422241671681146,0.0004398132485281536,0.0006256423682846203
2018-05-09,-0.0003821899484043323,,0.0005996630464777386,-5.639998871986851e-05,,0.0018083182640131756,0.0014202217730920896,0.00043961989787288935,0.0006245789248215375
2018-05-10,-0.00038233607340865117,,0.0005993036662155227,-5.640316985822125e-05,,0.0018050541516232421,0.001418207603774757,0.00043942671714436443,0.0006235187782253455
2018-05-11,-0.00038248231019311074,,0.0005989447164511663,-5.640635135517602e-05,,0.0018018018018004511,0.0014161991393868423,0.00043923370611897994,0.000622461911748142
2018-05-14,-0.0003826286588864969,,0.0041653998175739115,0.00039486673247779436,,0.0017985611510797916,0.001278215936904914,0.0013846673421142874,0.001302864172480041
2018-05-15,8.699434536763029e-05,,0.004148121234142099,0.000394710874284554,,0.001795332136445893,0.0012765841866528849,0.0013827526896226239,0.0013964601966887703
2018-05-16,8.698677800977883e-05,,0.004130985405861987,0.00039455513908071005,,0.0017921146953410183,0.0012749565972220989,0.001380843324801262,0.0013929146843810248
2018-05-17,8.697921196820779e-05,,0.0041139905708540425,0.0003943995267206013,,0.0017889087656535185,0.0012733331527188252,0.0013789392257761435,0.0013893923205768762
2018-05-18,8.697164724313922e-05,,0.004097134996112306,0.00039424403705901057,,0.0017857142857149455,0.001271713837328825,0.0013770403707933365,0.0013858928482752219
2018-05-21,8.696408383346288e-05,,-0.0002233804914362203,0.0003096410978185027,,0.0007130124777188218,0.0010133765707336373,-0.0017776287103807853,8.267359772664651e-05
2018-05-22,8.695652173917878e-05,,-0.00022343040142935866,0.0003095452498873552,,0.0007125044531532954,0.001012350678275098,-0.0017807943014581662,8.196537932213493e-05
2018-05-23,8.694896096006488e-05,,-0.00022348033372976417,0.00030944946127653417,,0.0007119971520117563,0.0010113268608413772,-0.0017839711871824315,8.125604634242494e-05
2018-05-24,8.694140149545504e-05,,-0.00022353028835342403,0.0003093537319309725,,0.0007114905727503285,0.00101030511214395,-0.0017871594281089198,8.054558923641333e-05
2018-05-25,8.693384334512722e-05,,-0.0002235802653144381,0.00030925806179538107,,0.0007109847138291325,0.0010092854259184936,-0.001790359085227955,7.983399839747816e-05
2018-05-28,8.692628650908141e-05,,0.00025344763324608444,0.00148960089938166,,0.000710479573712508,0.0002419842710223996,0.0022165820642978673,0.0007958791562932152
2018-05-29,8.691873098665148e-05,,0.00025338341381964113,0.0014873852889176753,,0.0007099751508701235,0.0002419257288013288,0.0022116796947544426,0.0007946981063872647
2018-05-30,0.001434034416825991,,0.0002533192269289497,0.0014851762595975426,,0.0007094714437747562,0.0002418672148989387,0.002206798962298917,0.0010722364854517043
2018-05-31,0.0014319809069209821,,0.0002532550725498073,0.0014829737821429045,,0.0007089684509042904,0.00024180872929524533,0.0022019397240011784,0.0010706406607258994
2018-06-01,0.0014299332697806921,,0.00025319095065734487,0.001480777827447488,,0.0007084661707408291,0.0002417502719689324,0.0021971018381861107,0.001069050276676418
2018-06-04,0.0014278914802474674,,-0.0012954139368663853,0.0005719068210350287,,0.0015929203539810644,0.0012890231621349724,0.0014057401054303753,0.0009166138770117995
2018-06-05,0.001425855513307761,,-0.0012970942107844996,0.0005715799305738845,,0.0015903869941675808,0.001287363720481327,0.0014037667741775284,0.0009148793045937551
2018-06-06,0.0014238253440912452,,-0.0012987788493111774,0.0005712534135873248,,0.0015878616796036749,0.0012857085459438977,0.0014017989753516424,0.0009131484102773654
2018-06-07,0.0009478672985783199,,-0.0013004678694741312,0.0005709272694358614,,0.0015853443720263982,0.0012840576220858324,0.0013998366857201905,0.0008133659353150062
2018-06-08,0.00018939393939398919,,-0.0013021612883905576,0.0005706014974811158,,0.001582835033414165,0.001282410932553102,0.0013978798821785432,0.0006551344630903054
2018-06-11,0.0001893580761218594,,0.00038965904833210274,0.0004033660198901057,,-0.0003511852502191548,-0.00374891601627636,0.005467386788533535,0.0003268409081801333
2018-06-12,0.0001893222264293115,,0.0003895072732984506,0.00040320338134702816,,-0.0003513086246264008,-0.0037630232744998438,0.005437657014412345,0.0003207125024274625
2018-06-13,0.00018928639030857397,,0.0003893556164540346,0.0004030408739037483,,-0.00035143208574939244,-0.0037772371056418175,0.005408248812322158,0.00031461377549694253
2018-06-14,0.00018925056775165316,,0.00038920407766029896,0.0004028784974021704,,-0.000351555633678724,-0.003791558721934374,0.005379156992904033,0.000308543844343733
2018-06-15,0.002365184484389715,,0.0003890526567800201,0.0004027162516837546,,-0.00035167926850687703,-0.0038059893540652867,0.005350376477858632,0.0007527024715865262
2018-06-19,0.0023596035865975917,,0.00048612669209391335,0.0022903942254304255,,0.0024186455584878086,0.0008837525492861875,0.0036395988353283837,0.002074461320844775
2018-06-20,0.0009416195856875031,,0.00048589048775826704,0.0022851603074578453,,0.0024128098267170994,0.0008829722203353985,0.003626400193408097,0.0017770148144042723
2018-06-21,0.0009407337723423836,,0.0004856545128504308,0.0022799502556307694,,0.0024070021881843484,0.0008821932681866151,0.0036132969327122844,0.0017727843412521228
2018-06-22,0.001879699248120259,,0.0004854187670355614,0.00227476390707948,,0.00240122244051566,0.0008814156891994163,0.0036002880230419088,0.001963028951183464
2018-06-25,-0.0009380863039401,,-0.0022243785922226866,-0.0001237964236588951,,-0.0017421602787461854,-0.0006367700853542324,-0.0015465561224490276,-0.001183837269466068
2018-06-26,0.0028169014084507005,,-0.0022293374827939694,-0.00012381175111075837,,-0.0017452006980808177,-0.0006371758198554511,-0.0015489516631269629,-0.0004086453226358631
2018-06-27,-0.0009363295880150391,,-0.0022343185328479453,-0.00012382708235880724,,-0.0017482517482525495,-0.0006375820717349212,-0.0015513546364710473,-0.0011868842894350079
2018-06-28,0.0009372071227742307,,-0.002239321891250423,-0.00012384241740392987,,-0.0017513134851144807,-0.0006379888419822954,-0.0015537650771276779,-0.0008009708104311287
2018-06-29,0.000936329588014928,,-0.002244347708205141,-0.00012385775624801365,,-0.0017543859649128413,-0.0006383961315911124,-0.0015561830199576354,-0.0008028736028152794
2018-07-02,0.000623635796694666,,0.002264492753624836,0.001458949831394829,,-0.0005272407732861417,0.0019707781175670736,0.0020085161082992187,0.0011326988694962002
2018-07-03,0.0006232471174822951,,0.0022593764121119353,0.0014568243976855744,,-0.0005275189027603711,0.001966901790559028,0.0020044900577294023,0.001130398769598651
2018-07-04,0.0006228589224539505,,0.0022542831379637196,0.001454705147734936,,-0.0005277973258263069,0.0019630406823258895,0.0020004801152275764,0.001128107277948596
2018-07-05,-0.0003112356053531773,,0.0022492127755302516,0.0014525920545955806,,-0.0005280760429497988,0.001959194703418543,0.0019964861843158044,0.000932643621938567
2018-07-06,-0.0003113325031133263,,0.0022441651705580323,0.0014504850914762724,,-0.0005283550545963633,0.0019553637650866484,0.0019925081692835356,0.000930429259684003
2018-07-09,-0.00031142946122697523,,0.004209583519926952,0.0004919040787045859,,-0.0009985315712186527,0.0007940780619111187,0.002863506204263455,0.0008989112187329402
2018-07-10,0.0009345794392523477,,0.0041919372101306696,0.0004916622280493055,,-0.0009995296331138936,0.0007934480022593338,0.0028553299492384276,0.0011528093318479648
2018-07-11,0.0009337068160597539,,0.0041744382271946545,0.0004914206150947731,,-0.0010005296921897777,0.00079281894165395,0.002847200253084603,0.0011487584657388467
2018-07-12,0.0006218905472636926,,0.00415708473376819,0.0004911792394908243,,-0.0010015317544480595,0.0007921908777206443,0.0028391167192427513,0.0010804006302508368
2018-07-13,0.0006215040397763438,,0.004139874922926445,0.0004909381008877389,,-0.0010025358259124761,0.0007915638080926435,0.0028310789556464933,0.0010765024322166973
2018-07-16,0.0006211180124222615,,-0.00021929824561317535,-0.00043617528794381855,,-0.0010035419126326328,-0.0006166633152355772,-0.0015683814303638632,-0.0004859583381321305
2018-07-17,0.0018621973929235924,,-0.00021934634788267626,-0.000436365619843726,,-0.0010045500206818936,-0.0006170438235254538,-0.0015708451146716484,-0.00022982362103750174
2018-07-18,-0.0009293680297398632,,-0.00021939447125851608,-0.0004365561179248134,,-0.0010055601561573813,-0.0006174248016856954,-0.001573316551289894,-0.0008080307931704812
2018-07-19,0.0037209302325580396,,-0.00021944261575534973,-0.00043674678240457343,,-0.0010065723251820868,-0.0006178062505876047,-0.0015757957768672837,0.00015345637791006544
2018-07-20,0.000926784059314345,,-0.0002194907813863889,-0.00043693761350138693,,-0.001007586533902094,-0.0006181881711037063,-0.0015782828282828731,-0.00042528793234914835
2018-07-23,-0.001388888888888995,,-0.00036589828027810967,-0.00023222457482408032,,-0.0010086027884899096,-0.0007530424258723745,0.0012013910844135278,-0.0005246990146669536
2018-07-24,-0.0013908205841447474,,-0.00036603221083453263,-0.00023227851560370105,,-0.0010096210951420215,-0.0007536099261192808,0.0011999494758114793,-0.0005256142516658088
2018-07-25,4.421452889413757e-05,,-0.0003661662394724985,-0.00023233248144760577,,-0.0010106414600794533,-0.0007541782823590193,0.0011985113227779287,-0.00022922609622635448
2018-07-26,4.421257405606838e-05,,-0.000366300366300365,-0.00023238647237333598,,-0.0010116638895500962,-0.0007547474965294843,0.0011970766129032473,-0.00022974225015645708
2018-07-27,4.4210619390749883e-05,,-0.00036643459142549073,-0.00023244048839854425,,-0.001012688389825267,-0.0007553175705750093,0.001195645333836648,-0.00023025849576742183
2018-07-30,4.420866489840414e-05,,0.005043988269794575,0.0012171772428883898,,0.0010733452593911785,-0.0023486535735978142,0.0033626649905720285,0.0012766623623191242
2018-07-31,4.420671057858705e-05,,0.005018674136320955,0.0012156975235284584,,0.0010721944245881687,-0.0023541827332874687,0.003351395370689403,0.0012703600525356684
2018-08-01,4.4204756431520664e-05,,0.004993612820810567,0.0012142213975825378,,0.0010710460549796519,-0.002359737987713051,0.00334020103639876,0.001264100528771201
2018-08-02,4.420280245764907e-05,,0.004968800554656427,0.0012127488519764196,,0.0010699001426524024,-0.0023653195220424417,0.003329081235804887,0.0012578831380764793
2018-08-03,4.4200848656306135e-05,,0.004944233643785045,0.0012112798737002883,,0.0010687566797284997,-0.0023709275231982296,0.003318035226990812,0.0012517072389351997
2018-08-06,4.41988950277139e-05,,-0.0008152173913050786,0.0005573302521579837,,0.00035587188612073994,-0.0003960936966468376,-0.00046360686138147145,-5.2158477574238224e-05
2018-08-07,4.419694157165033e-05,,-0.0008158825129190861,0.0005570198081679134,,0.00035574528637472014,-0.00039625064903126006,-0.00046382189239346783,-5.2381648581291916e-05
2018-08-08,4.4194988288337456e-05,,-0.0008165487207409949,0.0005567097098320151,,0.00035561877667134034,-0.0003964077258497012,-0.00046403712296982924,-5.260493583875722e-05
2018-08-09,4.4193035177775286e-05,,-0.0008172160174348964,0.0005563999565736388,,0.00035549235691401115,-0.0003965649272508198,-0.00046425255338911064,-5.282833989242737e-05
2018-08-10,4.419108223951973e-05,,-0.0008178844056714318,0.000556090547817023,,0.00035536602700747544,-0.00039672225338238665,-0.0004644681839293119,-5.30518612884633e-05
2018-08-13,4.418912947423692e-05,,0.0011057657787036934,0.0003524467940898557,,-0.0017761989342793827,-0.0010674695497467912,0.005932465923172314,0.0005259732327632851
2018-08-14,4.4187176881260726e-05,,0.0011045444112924852,0.0003523226191119999,,-0.0017793594306036997,-0.0010686102586584534,0.0058974793280262006,0.0005201459826160791
2018-08-15,4.418522446081319e-05,,0.0011033257390136164,0.00035219853160306513,,-0.001782531194294612,-0.0010697534081246518,0.005862902978905904,0.0005143730371790346
2018-08-16,4.4183272213116354e-05,,0.0011021097529559931,0.00035207453147001466,,-0.0017857142857130581,-0.0010708990059860035,0.005828729702171742,0.0005086533921695638
2018-08-17,4.418132013794818e-05,,0.001100896444247823,0.00035195061862092203,,-0.0017889087656516311,-0.0010720470601170984,0.005794952490467908,0.0005029860661523119
2018-08-20,4.4179368235086613e-05,,-0.004612967723506611,-0.00021650879566992298,,0.0012544802867373583,1.375894331312466e-05,-0.006649116209101136,-0.0013201340001963253
2018-08-21,4.417741650475371e-05,,-0.004634345811152962,-0.0002165556818796155,,0.0012529085376757898,1.3758754007220375e-05,-0.006693622885526884,-0.0013295552570691492
2018-08-22,4.4175464946727416e-05,,-0.004655922968258008,-0.00021660258840094926,,0.001251340722201677,1.3758564706423115e-05,-0.0067387293988504515,-0.001339085897542154
2018-08-23,0.0009276437847864916,,-0.004677701988384353,-0.00021664951524658083,,0.0012497768255659292,1.375837541117697e-05,-0.006784447957758344,-0.0011659410412773951
2018-08-24,0.000926784059314345,,-0.00469968571761048,-0.00021669646243027696,,0.0012482168330947285,1.3758186120593763e-05,-0.006830791104517231,-0.0011758741897146695
2018-08-27,0.0009259259259257746,,-0.0017250201008706112,-2.7092928745586775e-05,,-0.00035618878005316823,-0.0006053518607690433,-0.0037812183925932663,-0.0007297725236353095
2018-08-28,0.0009250693802034249,,-0.0017280009372215854,-2.7093662792299078e-05,0.00045000000000006146,-0.0003563156957061553,-0.0006057185336104665,-0.003795570272718818,-0.0005585325053288544
2018-08-29,0.0009242144177450395,,-0.0017309920931807277,-2.7094396878646343e-05,0.00044979759108376705,-0.0003564427018355465,-0.000606085650922239,-0.0038100315150754183,-0.0005608320814773817
2018-08-30,-0.0004616805170821747,,-0.0017339936224309849,-2.7095131004961637e-05,0.00044959536417232826,-0.0003565697985378202,-0.0006064532135128253,-0.0038246033744648855,-0.0008075647520446449
2018-08-31,-0.0004618937644341736,,-0.0017370055790272287,-2.7095865171022915e-05,0.0023518250362011273,-0.000356696985910121,-0.0006068212221931324,-0.0038392871249586236,-0.0005300104221067995
2018-09-03,0.001848428835489857,,-0.00022119000221121343,-0.00018967619563747817,0.0002856084872213671,0.000446030330062408,0.0004967915545435186,0.0003647898493259749,0.0004943524134666516
2018-09-04,0.00046125461254598044,,-0.00022123893805225947,-0.00018971217952179487,0.0002855269383046366,0.0004458314757023185,0.0004965448752431989,0.0003646568262172245,0.00024945415814813703
2018-09-05,0.0004610419548178868,,-0.00022128789555142525,-0.00018974817706218783,0.0002854454359431102,0.00044563279857401383,0.0004962984407956839,0.0003645239000888978,0.00024931389988496004
2018-09-06,0.00015360983102907788,,-0.00022133687472247754,-0.0001897841882657625,0.002030729718833557,0.0004454342984412385,0.0004960522508370424,0.00036439107083441336,0.0004516299475722584
2018-09-07,0.00015358623867300913,,-0.00022138587558051537,-0.00018982021314106756,0.0006087569382009494,0.00044523597506684887,0.0004958063050035655,0.00036425833834852206,0.00024242152878896608
2018-09-10,0.00015356265356292198,,-0.0006790670209632088,0.00034580960130181637,0.0006083865786501441,0.00044503782821547766,0.001555509670314592,-0.0037995725480882703,-9.793928836815733e-05
2018-09-11,0.00015353907569481962,,-0.0006795284663344558,0.00034569005836071476,0.0006080166694688582,0.00044483985765153555,0.0015530938178618392,-0.0038140643623362225,-0.00010009378835321652
2018-09-12,0.0001535155050660375,,-0.0006799905392627092,0.00034557059804041224,0.0006076472098359709,0.0004446420631392112,0.001550685457863965,-0.0038286671452499865,-0.00010226042523475045
2018-09-13,0.00015349194167302294,,-0.0006804532410290554,0.0003454512202556437,0.0006072781989325815,0.0004444444444444695,0.0015482845555190305,-0.003843382176315302,-0.0001044393539604479
2018-09-14,-0.0008550381478558133,,-0.0006809165729180222,0.00034533192492069986,0.0006069096359422321,0.0004442470013330535,0.001545891076241146,-0.003858210754762448,-0.00028460247295821167
2018-09-17,-0.0008557698637350342,,0.0003851281291651354,0.0003452127119505377,0.0006065415200491309,0.000444049733570262,0.00034148340390660614,0.00111353183248597,0.0002837948188600164
2018-09-18,-0.0008565028330480562,,0.0003849798625912282,0.000345093581259448,0.0006061738504405945,0.00044385264092317023,0.00034136683279850644,0.0011122932585356793,0.0002833822300427221
2018-09-19,-0.0008572370590174128,,0.00038483171013203865,0.00034497453276238765,0.0006058066263052719,0.0004436557231590754,0.000341250341250543,0.0011110574368389248,0.0002829698745021853
2018-09-20,-0.0008579725448785158,,0.00038468367165700457,0.0003448555663745356,0.0005809587795913007,0.00044345898004438666,0.0003411339291805593,0.0011098243582319256,0.00027895759344418716
2018-09-21,-0.0008587092938766583,,0.00038453574703378735,0.00034473668201084884,0.0005806214624550776,0.0004432624113477335,0.00034101759650795316,0.0011085940135922012,0.00027854996634387797
2018-09-25,-0.0008594473092690125,,-0.0006468066232984127,0.0005067909993918818,0.0005802845367988141,0.0004430660168364131,-0.0008522533578781966,0.0004212806933077129,-4.04125654446383e-05
2018-09-26,-0.0008601865943227427,,-0.000647225252878747,0.0005065342923715743,0.0005799480019410552,0.0004428697962799433,-0.0008529803132143465,0.00042110329062139407,-4.082054172295434e-05
2018-09-27,-0.0008609271523178919,,-0.0006476444247052182,0.0005062778452815664,0.0005796118572025666,0.0004426737494469535,-0.0008537085097664043,0.0004209260372818324,-4.1228808634238975e-05
2018-09-28,-0.0008616689865447169,,-0.0006480641398323161,0.0005060216577270626,0.0009014245463321302,0.0004424778761062953,-0.0008544379507160471,0.0004207489331009562,5.737403761053145e-06
2018-10-08,-0.0008624121003051322,,0.001215445045578134,-0.00029671589453095226,0.0017618543763380234,0.00044228217602859665,0.003037559006636048,0.002114876231675167,0.00089048335290981
2018-10-09,-0.0008631564969127092,,0.0012139695323245547,-0.00029680396098374917,0.00022107264447113195,0.0004420866489831532,0.0030283601838843044,0.0021104129694469176,0.0006619380903671379
2018-10-10,-0.0008639021796915669,,0.0012124975971834484,-0.00029689207972916076,0.0002210237821589356,0.00044189129474148103,0.0030192169076146413,0.0021059685061983746,0.0006599801543068888
2018-10-11,-0.0008646491519787025,,0.0012110292271554357,-0.0002969802508133723,0.0006285509445451698,0.00044169611307443013,0.003010128676221413,0.002101542723408345,0.0007179687571286508
2018-10-12,0.0006867121204690019,,0.0012095644093037539,-0.00029706847428334626,0.0006281561164247496,0.00044150110375285045,0.003001094994119491,0.00209713550355084,0.0009898793289392493
2018-10-15,0.0006862408705454737,0.00039761431411533543,-0.00022099447513723725,0.0011210913757007113,0.0006277617840204641,-0.0010591350397187727,-0.0033425432980659364,-3.1708283789178004e-05,-0.0001372099389927828
2018-10-16,0.0006857702669604837,0.0003974562798092496,-0.00022104332449091046,0.0011198359372892597,0.0006273679463992821,-0.0010602579961133118,-0.0033537533638956507,-3.170928923634797e-05,-0.00013880482970276
2018-10-17,0.000685300308385095,0.00039729837107693733,-0.00022109219544463876,0.0011185833075026963,0.0006269746026303924,-0.0010613833362828062,-0.0033650388743402537,-3.1710294747022694e-05,-0.00014040709620967152
2018-10-18,0.0006848309934941454,0.0003971405877680745,-0.00022114108801352117,0.00111733347692633,0.001138127010079204,-0.001062511067824623,-0.0033764005935928987,-3.171130032186831e-05,-7.807366030149752e-05
2018-10-19,0.0006843623209660255,0.00039698292973389115,-0.0002211900022111024,0.0011160864361881018,0.001136833149565808,-0.0010636411983703242,-0.0033878392962037873,-3.17123059603297e-05,-7.980360436884442e-05
2018-10-22,0.0006838942894826783,0.0003968253968253954,0.0015929203539823966,0.002081934184016143,0.001135542227518771,0.000887311446318817,0.0026180522239735993,0.00369460080868933,0.0014879465600004305
2018-10-23,0.000683426897730044,0.00039666798889315125,0.001590386994168469,0.0020776087393608034,0.0011342542339392025,0.0008865248226963551,0.0026112159243156796,0.0036810009794938647,0.0014847362178582349
2018-10-24,0.0006829601443971711,0.00039651070578927694,0.0015878616796050071,0.002073301230604452,0.004892477572083553,0.0008857395925609968,0.002604415233783852,0.0036675009050699536,0.0019514816985939988
2018-10-25,0.0006824940281775493,0.00039635354736411443,0.0015853443720275084,0.0020690115464192527,0.003796971151748041,0.0008849557522137008,0.00259764987487765,0.003654099491876339,0.0018115277103123663
2018-10-26,0.0006820285477664445,0.0003961965134706702,0.0015828350334154973,0.0020647395763953025,0.0037826086956520566,0.0008841732979676387,0.0025909195729729717,0.003640795662296581,0.001806733314755138
2018-10-29,0.0006815637018644516,0.0007920792079207928,0.0018876207199305384,0.0007444333665669323,0.0022138481011440003,0.0012367491166078715,0.001190637261534233,0.002148528724895016,0.0012990226580588127
2018-10-30,0.0006810994891752742,0.000791452314998109,0.0018840643210804586,0.0007438795977736667,0.001392603833021866,0.0012352214575614973,0.0011892213303061894,0.002143922445935864,0.001194947227841925
2018-10-31,0.0006806359084059466,0.0007908264136020637,0.0018805212979979835,0.0007433266522425264,0.0009015359679283019,0.001233697567853298,0.001187808762789233,0.002139335875732673,0.0011321484046525388
2018-11-01,0.0006801729582666116,0.0007902015013829811,0.0018769915753642508,0.0007427745281392006,0.0015571025435869856,0.0012321774335506408,0.0011863995470111632,0.0021347688880637428,0.001212683418989724
2018-11-02,0.000679710637471409,0.0007895775759967361,0.0018734750784252796,0.0007422232236344861,0.0015546817446878691,0.0012306610407877283,0.0011849936710566222,0.002130221357784734,0.001210974519905339
2018-11-05,0.0006792489447382533,0.00039447731755415383,0.0040800000000000836,7.946493609689576e-05,0.0026078110148968214,0.001229148375768263,0.0014525891055816587,0.00040819470117070544,0.0012754190702585601
2018-11-06,0.0006787878787879453,0.0003943217665614007,0.004063421241335297,7.945862192282327e-05,-0.0018054754974584641,0.0012276394247634492,0.0014504821510112897,0.000408028146243522,0.000721553404933975
2018-11-07,0.000678327438344839,0.00039416633819500113,0.004046976670369684,7.945230875150422e-05,0.000830398304842106,0.0012261341741108822,0.0014483812997883039,0.00040786172717899305,0.0010488474890305078
2018-11-08,0.00022999080036800734,0.0003940110323088497,0.0040306646645065225,7.944599658382678e-05,0.0007629510948350404,0.0012246326102169913,0.0014462865254305513,0.0004076954438112512,0.0009710594662362682
2018-11-09,0.00022993791676229058,0.0003938558487592836,0.004014483627204024,7.943968541868074e-05,0.005689181977586388,0.0012231347195528208,0.001444197801609981,0.0004075292959737631,0.0015847380531155697
2018-11-12,0.00022988505747134624,0.001377952755905687,0.0037218552453996967,0.0008870060236976229,0.00039324192432688143,0.003315881326351855,0.0016557617839498828,0.00040736328350177153,0.0014770868957475311
2018-11-13,0.0002298322224776328,0.0013760566149005893,0.0037080544036671714,0.0008862199412713601,0.00207436454825749,0.003304922595233517,0.0016530247687098765,0.00040719740622940925,0.0016835224339435129
2018-11-14,0.0002297794117644969,0.0013741656851198325,0.0036943555323663,0.00088543525089535,-0.004773450164707649,0.0032940360610258512,0.0016502967872447094,0.00040703166399147506,0.0008238637078202382
2018-11-15,0.00022972662531595134,0.0013722799451085788,0.0036807575055128883,0.0008846519488749927,0.00014484012973881022,0.003283221012614135,0.00164757779490321,0.00040686605662365594,0.0014349907829865006
2018-11-16,0.00022967386311423255,0.0013703993735316722,0.0036672592136375304,0.0008838700315292325,0.00014481915411379553,0.0032724767481908668,0.0016448677473270834,0.00040670058396052866,0.0014313514004234084
2018-11-19,0.00022962112514357536,0.0007820136852394466,0.0049368942193719345,0.0005403980492948435,0.005483341087552995,-0.00017167381974247942,0.0011256787180506933,0.0004142057221754314,0.0015266394066618671
2018-11-20,-0.0009182736455463081,0.0007814026176988786,0.004912641030268006,0.000540106176970534,0.001303159216782479,-0.00017170329670301854,0.0011244129902772126,0.0004140342268295072,0.0008292308502740319
2018-11-21,0.0009191176470586537,0.0007807925043918917,0.004888624970655231,0.0005398146197597153,0.0008676421353426278,-0.00017173278378834755,0.0011231501057080706,0.0004138628734347005,0.0010477224945169227
2018-11-22,0.0009182736455464191,0.0007801833430858274,0.004864842579741957,0.0005395233771532393,0.0013286031292845113,-0.00017176228100279634,0.001121890054774699,0.00041369166181470796,0.0011025624490822727
2018-11-23,0.0003058103975535076,0.0007795751315531341,0.004841290463752701,0.0005392324486415134,0.0004563954172254192,-0.0001717917883524711,0.00112063282794983,0.0004135205917938922,0.0008990369326961346
2018-11-26,0.0003057169061448928,0.0005842259006816342,0.0006124532153783946,0.0005257969109431215,0.00045618721547069363,0.001718213058419904,-0.00048725883979716667,0.0011175750153091801,0.0006382483346777324
2018-11-27,0.00030562347188256567,0.0005838847800703206,0.0006120783460270562,0.0005255205938383689,0.000455979203587642,0.0017152658662098474,-0.00048749637671607893,0.0011163274356582598,0.0006374945328995851
2018-11-28,0.0018331805682860747,0.000583544057576324,0.0006117039352941944,0.0005252445670014261,0.00045577138131625006,0.0017123287671239051,-0.0004877341453448647,0.0011150826383161672,0.0008658902453142047
2018-11-29,0.0018298261665141702,0.0005832037325039785,0.000611329982338038,0.0005249688299757693,0.00045556374839716973,0.0017094017094023695,-0.00048797214602236405,0.0011138406139856727,0.0008646511585898298
2018-11-30,-0.00045662100456611565,0.0005828638041576184,0.0006109564863203687,0.0005246933823046529,0.0004553563045723852,0.0017064846416388058,-0.0004882103790887493,0.001112601353411069,0.0005209500731084449
2018-12-03,-0.0004568296025582175,0.0007766990291260267,-0.0034056987788322335,-0.0002622091117665537,7.0383873649326745e-06,0.0011925042589429058,0.0015181518151814455,-0.0034406637740732604,-0.0003378613614960002
2018-12-04,0.000914076782449813,0.0007760962359333323,-0.003417337199961068,-0.00026227788341748326,7.038337826115182e-06,0.0011910838863358197,0.0015158505239569742,-0.0034525428130586233,-0.000135119356397348
2018-12-05,0.0009132420091322313,0.0007754943776656642,-0.003429055438672113,-0.00026234669115243747,0.0003894519519518358,0.001189666893268937,0.0015135561989998436,-0.003464504162003834,-9.035169055766077e-05
2018-12-06,0.0009124087591239061,0.000774893452150538,-0.003440854318888187,-0.000262415534999616,-7.97362138430513e-05,0.0011882532676958935,0.0015112688087259851,-0.0034765486793730815,-0.00015204906571331117
2018-12-07,0.00022789425706482014,0.0007742934572201321,-0.0034527346759097854,-0.00026248441498788466,0.001176202940155635,0.0011868429976253925,0.0015089883217425104,-0.0034886772356093054,-0.00010067293654513761
2018-12-10,0.00022784233310546576,0.0011605415860735935,0.0004599999999996829,-0.0003544469970462316,0.0011748211121092034,-0.0010160880609646483,-0.0009826400262037405,-0.0006196266749283197,4.416447300179536e-05
2018-12-11,0.00022779043280163336,0.0011591962905717068,0.0004597884972905586,-0.0003545726742658628,0.0011734425270546467,-0.001017121546024069,-0.0009836065573769481,-0.0006200108501900337,4.3455617173346334e-05
2018-12-12,0.00022773855613755778,0.0011578541103822726,0.00045957718898570477,-0.00035469844064073275,0.0011720671735886423,-0.0010181571355837304,-0.0009845749917952729,-0.0006203955021325536,4.2747090764691514e-05
2018-12-13,0.0005464480874315392,0.0011565150346952713,0.0004593660748162254,-0.00035482429626509937,0.00030813907343518743,-0.0010191948360788183,-0.000985545335085436,-0.0006207806316443909,-1.796639913790034e-05
2018-12-14,0.0005461496450027692,0.001155179052753308,0.0004591551545152228,-0.0003549502412346639,0.0003080441529952349,-0.0010202346539697205,-0.0009865175928969183,-0.0006211662396148343,-1.855202226162811e-05
2018-12-17,0.0005458515283844889,-0.00019230769230771383,-0.0007849617847548451,0.00019726459758029335,0.0014230989963652796,0.0001702127659573005,-0.0009874917709019604,0.0026882138140005285,0.0003726849653826803
2018-12-18,0.0005455537370431252,-0.00019234468166950958,-0.0007855784338042238,0.00019722569193336703,0.0001355846915098713,0.00017018379850219922,-0.000988467874794119,0.0026810066947682287,0.0002108062646287656
2018-12-19,0.0005452562704471031,-0.0001923816852638094,-0.0007861960524676581,0.000197186801630167,0.00013556631079358894,0.00017015484090521227,-0.0009894459102902653,0.0026738381168760483,0.00020986816837805788
2018-12-20,-0.00036330608537693543,-0.00019241870309794074,-0.000786814643034206,0.0001971479266609233,0.00013554793505998752,0.00017012589316078852,-0.0009904258831295865,0.002666707771988852,7.269387300050663e-05
2018-12-21,-0.0003634381246592211,-0.00019245573518089643,-0.0007874342077993646,0.00019710906701697617,0.00013552956430751273,0.0001700969552644871,-0.000991407799074695,0.0026596153550508816,7.178762804689877e-05
2018-12-24,-0.0003635702599529278,0.0005774783445620102,0.00490806027927615,0.0003153123563028881,0.00013551119853350002,-0.0006802721088448038,0.00013231888852138773,-0.00016865992026993126,0.0004735702654719509
2018-12-25,-0.0003637024913619724,0.000577145055790762,0.004884088876660142,0.00031521296575998115,0.00013549283773683918,-0.0006807351940109063,0.0001323013825493824,-0.000168688371236958,0.00047101451979704163
2018-12-26,-0.0003638348189921592,0.0005768121515092872,0.004860350492881249,0.0003151136378556352,0.0001354744819150877,-0.0006811989100830029,0.00013228388120900547,-0.0001687168318047494,0.0004684820325650096
2018-12-27,0.0009099181073703999,0.0005764796310532283,0.004836841746713505,0.00031501437253078635,0.00013545613106558108,-0.0006816632583518389,0.00013226638449825856,-0.0001687453019773022,0.0006570552678837606
2018-12-28,0.0013636363636364557,0.0005761474937582278,0.004813559322034422,0.00031491516972614875,0.0001354377851874311,-0.0006821282401103801,0.00013224889241558735,-0.00016877378176027857,0.000722645905225816
2019-01-02,0.0013617793917384269,0.001279590531030106,-0.0026763826102619293,2.1862224262703123e-05,0.00013541944427752917,-3.709749220948133e-05,0.001454545454545375,0.009667766439039216,0.001254894001483653
2019-01-03,0.0009066183136900996,0.0012779552715653786,-0.0026835648565775028,2.1861746316353958e-05,0.002298561770358143,-3.70988684844642e-05,0.001452432824981864,0.009575195683562798,0.0014465805122966802
2019-01-04,-0.00036231884057968955,0.0012763241863433805,-0.0026907857546653036,2.1861268390876987e-05,0.002293290500485101,-3.7100244861587584e-05,0.0014503263234226793,0.009484380880692367,0.0012453218811897871
2019-01-07,-0.00036245016310254563,0.0005736137667302632,-0.0021629710243497025,0.00011804826862538143,9.3600000000027e-05,-3.710162134085149e-05,0.0016588769666250336,-0.0029378868093357102,-0.000291632755784832
2019-01-08,-0.00036258158085589187,0.000573284922606554,-0.0021676596092750078,0.00011803433487633797,9.359123985985818e-05,-3.710299792214489e-05,0.0016561296512926926,-0.002946543420383585,-0.00029331408942028794
2019-01-09,-0.00036271309394264595,0.0005729564553096367,-0.0021723685648697977,0.00011802040441666328,9.358248135971081e-05,-3.710437460591187e-05,0.001653391420735506,-0.002955251196351538,-0.0002950016253123744
2019-01-10,-0.00036284470246727984,0.0005726283641915852,-0.0021770980241799798,0.00011800647724435898,9.357372449803059e-05,-3.7105751391375286e-05,0.0016506622299661267,-0.0029640105922003057,-0.0002966954268736777
2019-01-11,0.0002352624857160368,0.0005723006486073601,-0.0021818481214143093,0.00011799255335898096,9.356496927548363e-05,-3.7107128279312285e-05,0.0016479420342929707,-0.0029728220682995188,-0.000208659724306165
2019-01-14,0.00023520715029756722,0.00038131553860809575,0.0018978202571682257,0.00011797863275853082,0.0005657352359096368,-3.71085052693898e-05,-0.0006528693608409686,0.0024973512940820175,0.0005466065801698894
2019-01-15,0.00023515184090294738,0.00038117019249095385,0.0018942253579121715,0.00011796471544300857,0.0004679999999983586,-3.710988236160784e-05,-0.0006532958777029085,0.0024911300671850434,0.0005333333668244456
2019-01-16,0.00023509655751463576,0.0003810249571347679,0.0018906440520058965,0.00011795080141019376,8.132560740170547e-05,-3.7111259556077414e-05,-0.0006537229522128873,0.0024849397590360756,0.0004839471752483948
2019-01-17,0.00023504130011420266,0.0003808798324127505,0.0018870762624947357,0.00011793689065919821,8.131899408492238e-05,-3.711263685279853e-05,-0.0006541505854646967,0.0024787801397130327,0.00048289884161844545
2019-01-18,0.00023498606868299632,0.00038073481819900223,0.0018835219130028946,0.00011792298318957783,8.131238184416745e-05,-3.711401425177119e-05,-0.0006545787785561252,0.00247265098156757,0.0004818548631251862
2019-01-21,0.00023493086320303114,0.0011417697431019835,0.0013350589196918783,-1.3101008777605117e-05,8.13057706781084e-05,-3.7115391752884364e-05,-0.00044540512215895944,-0.0006278496150683432,0.00023564379566684
2019-01-22,0.00023487568365609945,0.0011404675917123797,0.0013332789137858736,-1.3101180416419389e-05,8.129916058741138e-05,-3.71167693563601e-05,-0.0004456035962832061,-0.0006282440578582182,0.00023520184938763676
2019-01-23,0.00023482053002332748,0.0011391684070629626,0.0013315036480481268,-1.3101352059452509e-05,0.00030484706838707076,-3.711814706208738e-05,-0.00044580224736767704,-0.0006286389965725059,0.0002627050734553771
2019-01-24,0.00023476540228717369,0.0011378721790251678,0.0013297331035699855,-1.3101523707259588e-05,-0.00020316944331844056,-3.71195248700662e-05,-0.0004460010756496269,-0.0006290344321465691,0.0001987635971655077
2019-01-25,0.00023471030042920837,0.0011365788975186142,0.0013279672615416072,-1.3101695359285515e-05,0.0006493551142039422,-3.7120902780518605e-05,-0.0004462000813658662,-0.0006294303655192124,0.0003048906030963305
2019-01-28,0.0002346552244307798,-0.0005676442762534428,0.00451992692333647,0.0003406485424173322,-0.0009134273825214256,-3.7122280792889484e-05,-0.0034136414363553635,0.0010497113293843618,8.848562673120227e-05
2019-01-29,0.00023460017427434643,-0.0005679666792880456,0.004499589109377311,0.00034053254050370185,-0.00010158472165966437,-3.712365890773395e-05,-0.003425334299453131,0.0010486105909668364,0.00018658149285639137
2019-01-30,0.00023454514994147857,-0.0005682894487594181,0.004479433499188001,0.00034041661756822883,0.0003047851264821322,-3.7125037124940974e-05,-0.0034371075418071495,0.0010475121586233094,0.0002340036292152792
2019-01-31,0.00023449015141352447,-0.0005686125852918389,0.0044594576551793,0.00034030077352964483,0.0005078204346942172,-3.712641544451056e-05,-0.003448961995091815,0.0010464160251137944,0.0002560189921496869
2019-02-01,0.0002344351786729426,-0.0005689360895125839,0.004439659183048894,0.0003401850083084579,0.0012181504415833544,-3.7127793866442715e-05,-0.0034608985024958683,0.0010453221832300574,0.00034145591190887226
2019-02-11,0.00023438023170174738,0.0020872865275141095,-0.003004036260172871,0.00027467137531878016,-0.002737503802092589,0.001537147736977662,0.003379416282642156,-0.002729917207428989,3.551440258633124e-05
2019-02-12,0.00023432531048106497,0.0020829388373413416,-0.0030130876848332155,0.00027459595167100836,-0.002541683611224421,0.0015347885402461348,0.003368034292712707,-0.002737390055645328,5.617760098952093e-05
2019-02-13,0.00023427041499313184,0.00207860922146641,-0.003022193819813057,0.0002745205694341113,-0.0019366017735179542,0.001532436574153806,0.0033567287152884706,-0.0027449039283624632,0.00012800037779281685
2019-02-14,0.00023421554522040644,0.002074297567414618,-0.0030313551626510726,0.00027444522857367204,-2.5531045752091863e-05,0.001530091805509004,0.0033454987834549144,-0.002752459164335308,0.00036307345622115514
2019-02-15,0.000234160701144015,0.002070003763643191,-0.00304057221693832,0.0002743699290559398,-2.553169760299845e-05,0.0015277542013247825,0.0033343437405275456,-0.0027600561060585616,0.00035926412060148223
2019-02-18,0.00023410588274641597,0.0011267605633804578,0.0004836759371222854,0.0015804597701150058,-2.5532349487211725e-05,0.0006779661016944605,0.00098515696834367,0.0019358741681789748,0.0008406615171161675
2019-02-19,0.00023405109000940172,0.0011254924029262536,0.0004834421078077078,0.0015779658585568512,-2.5533001404731692e-05,0.0006775067750672825,0.0009841873892788566,0.0019321338002658006,0.0008395879770796923
2019-02-20,0.00023399632291476458,0.0011242270938729426,0.00048320850446992303,0.0015754798052134422,-0.00010213461342245544,0.000677048070412356,0.000983219716832684,0.0019284078582619824,0.0008289424800103419
2019-02-21,0.00023394158144496302,0.001122964626614209,0.0004829751267809712,0.0015730015730015534,-0.001327885597544931,0.0006765899864678016,0.0009822539453867574,0.0019246962588717054,0.0006746564592150673
2019-02-22,0.00023388686558201144,0.001121704991587258,0.0004827419744146688,0.0015705311250715503,-0.0001022808632522576,0.000676132521973738,0.0009812900693444426,0.0019209989194379773,0.0008267930359185716
2019-02-25,0.00023383217530725808,-9.337068160597539e-05,0.001715587722824763,0.0020475604224714505,0.0015770000000032702,0.0006756756756751692,0.001712306385203588,0.002651288196525048,0.0011834088586711478
2019-02-26,-0.0036068530207393756,-9.337940050424542e-05,0.0017126495223307447,0.002043376485651116,0.0015745169867154019,0.0006752194463197636,0.0017093794039353405,0.002644277454920241,0.0006051153759258687
2019-02-27,0.002262443438914019,-9.338812103099059e-05,0.001709721368845063,0.002039209612679116,0.0004705159925597613,0.0006747638326580763,0.0017064624122344885,0.002637303692225146,0.001345637320566495
2019-02-28,0.0022573363431153126,-9.339684318665498e-05,0.0017068032109228692,0.0020350596993778947,0.00040851871114777616,0.0006743088334453251,0.001703555359046982,0.0026303666166351825,0.0013352570699823097
2019-03-01,0.0018018018018017834,-9.34055669717937e-05,0.0017038949974701456,0.0020309266424154426,0.00011354174551536644,0.0006738544474387265,0.0017006581936673815,0.0026234659394084314,0.0012281980638862546
2019-03-04,0.0026978417266185772,-9.341429238673982e-05,-0.002538205980065933,0.0015008658841639821,0.0032266095702859765,0.0013468013468020956,-0.00023328149300150258,-0.0006208884618227328,0.0008443811554723179
2019-03-05,0.013452914798206095,-9.342301943193743e-05,-0.0025446648636400226,0.0014986166615431618,0.0011872263969270325,0.0013449899125765885,-0.00023333592595464747,-0.0006212742038075314,0.0022014751366711658
2019-03-06,0.001769911504424737,-9.343174810794164e-05,-0.0025511567024626425,0.0014963741702798128,0.0008546618731568589,0.0013431833445272101,-0.00023339038431624548,-0.0006216604253934666,0.00040620821933894926
2019-03-07,0.0008833922261484162,-9.344047841519654e-05,-0.002557681749400187,0.001494138380200738,0.003023434589995544,0.0013413816230725129,-0.0002334448681036161,-0.000622047127475156,0.0005430792523974992
2019-03-08,0.007943512797881747,-9.344921035414622e-05,-0.0025642402599140857,0.0014919092613137064,0.001993086419753709,0.001339584728734966,-0.00023349937733496695,-0.0006224343109503261,0.0014720543127528741
2019-03-11,0.003502626970227629,0.007102803738317842,-0.0027054310518875857,0.002266361089890534,0.0010231459668494924,0.006354515050168041,0.004489425197871988,-0.0006228219767182575,0.0030712974628261443
2019-03-12,0.01221640488656206,0.007052709725315465,-0.0027127702647986585,0.0022612363118981182,0.001242669040408595,0.006314390162845518,0.00446936033894807,-0.0006232101256806732,0.00438885188009367
2019-03-13,0.0073275862068964415,0.0070033173608550214,-0.0027201494052209174,0.0022561346582843367,-0.0002753688467395099,0.00627476882430722,0.0044494740361615825,-0.0006235987587416281,0.0034490191724718096
2019-03-14,0.007274283269148585,0.006954612005856564,-0.002727568799869573,0.002251055972886107,0.0013004924557711295,0.006235641614703802,0.004429763916628193,-0.0006239878768069529,0.0036214448110336635
2019-03-15,0.00679694137638065,0.006906579425663528,-0.0027350287790339767,0.00224600010094389,0.0013420313206131684,0.006196999347685139,0.004410227649323195,-0.0006243774807854763,0.003538664089104404
2019-03-18,0.0016877637130801038,-0.0014440433212996595,-0.002128530495292491,0.0017751479289940253,0.001369666786361634,0.0019448946515383536,7.614213197970621e-05,-0.0012941613982894173,0.0003867391197570569
2019-03-19,0.0008424599831506896,-0.001446131597975464,-0.002133070801542125,0.0017720023626699444,0.0020399325117421707,0.0019411193788403391,7.613633479697235e-05,-0.0012958384223538122,0.00034183173499395254
2019-03-20,0.002525252525252597,-0.0014482259232438954,-0.0021376305187862377,0.001768867924528239,0.0013298080382999622,0.0019373587342577103,7.613053849664375e-05,-0.0012975197983624565,0.0005035903179282818
2019-03-21,0.0033585222502099388,-0.0014503263234227903,-0.002142209771772041,0.0017657445556209517,0.0026560839947535886,0.001933612632934567,7.61247430791645e-05,-0.0012992055432768934,0.0007924707955580977
2019-03-22,0.0008368200836819106,-0.001452432824981864,-0.0021468086863180025,0.001762632197414904,0.0008025056876643788,0.0019298809906709291,7.611894854342438e-05,-0.0013008956741481503,0.00018062393184828385
2019-03-25,0.004180602006689016,0.0005454545454544046,0.0028685698524331116,0.002608098833218886,0.0001848954075813758,0.001605136436597654,-0.0006723328681974561,0.0024704297050457402,0.0017654698973393335
2019-03-26,0.0008326394671105408,0.0005451571869887761,0.0028603646964979745,0.0026013143483021306,5.837722974355586e-06,0.001602564102564541,-0.0006727852038032056,0.0024643417220520103,0.0012381402438838172
2019-03-27,0.0016638935108153063,0.0005448601525610552,0.002852206346158459,0.002594565068960941,0.0011714295721751977,0.001600000000000712,-0.0006732381484679806,0.0024582836710369538,0.0015057875665213216
2019-03-28,0.0008305647840531893,0.0005445634416409995,0.0028440944020555747,0.002587850721873952,0.0013469283037679247,0.0015974440894575004,-0.0006736917034231293,0.0024522553317973816,0.0013999990285209706
2019-03-29,0.003319502074688785,0.0005442670537010308,0.0028360284693618176,0.0025811710365439833,0.00022127458040333003,0.0015948963317389264,-0.0006741458699025538,0.002446256486286158,0.0016299194297122678
2019-04-01,0.003308519437551727,0.0007051475773143245,-0.000764785859959316,0.0015329446223755205,-0.00643300841627692,0.002786624203821919,0.0012091898428052694,0.006895659247208474,0.0011415420315709635
2019-04-02,-0.0004122011541634052,0.0007046506945842523,-0.000765371205034393,0.0015305982999425094,0.0007363338776056327,0.0027788805081383483,0.0012077294685990392,0.006848434774625822,0.001473145333296444
2019-04-03,-0.0004123711340205949,0.0007041545116186487,-0.0007659574468086294,0.0015282591490872743,-0.0001463777365265928,0.0027711797307996555,0.0012062726176116367,0.006801852729858782,0.0013563964328959204
2019-04-04,0.0030253025302531267,0.0007036590269400289,-0.0007665445873435983,0.0015259271369791882,0.00032012617655508,0.0027635215159891313,0.00120481927710836,0.006755900092372924,0.0019240466033828949
2019-04-08,0.0030161776802852813,0.0007031642390760151,-8.18274803943142e-05,0.0015236022309890185,0.00024196916064456175,0.0036220472440935403,0.0034834378364685392,0.004850316637881491,0.002147097497867995
2019-04-09,0.0030071077091304854,0.0007026701465568941,-8.18341766789521e-05,0.001521284398685152,-0.0005169864178902195,0.003608975364819411,0.0034713456197930093,0.004826904622083461,0.0020449918371951373
2019-04-10,0.0029980921231944624,0.0007021767479185037,-8.184087405938012e-05,0.0015189736078335958,-0.0007710009935187889,0.0035959974984356435,0.003459337065224055,0.004803717535707186,0.0020060579049088288
2019-04-11,0.002989130434782661,0.0007016840417000125,-8.184757253637542e-05,0.0015166698263953116,-0.001449428237669692,0.003583112634365948,0.0034474113075091406,0.004780752152756973,0.0019141258539909693
2019-04-12,0.0029802221620156555,0.00070119202644503,-8.185427210971596e-05,0.0015143730225264385,0.0006025227706629721,0.0035703197764660466,0.0034355674932851077,0.004758005308634905,0.0021635439218687155
2019-04-15,0.004051863857374327,0.0009009009009008917,0.0005048093321513569,0.0018955042527339927,0.000508316845619694,0.002165506573859277,0.0015313745019920333,-0.0018688962270779763,0.0013849470978209264
2019-04-16,0.004035512510088823,0.0009000900090010422,0.0005045546282664848,0.0018919181139032126,0.0020595913645684583,0.002160827288161915,0.0015290329798740565,-0.001872395540038263,0.0015745223627069537
2019-04-17,0.004019292604501512,0.0008992805755394517,0.0005043001812758963,0.0018883455188107856,0.00023595667757159156,0.00215616818111819,0.0015266986073529942,-0.0018759079817769475,0.0013422580594068644
2019-04-18,0.004003202562049779,0.0008984725965859308,0.0005040459907914574,0.0018847863908757478,0.00023590101515180706,0.0021515291224836197,0.0015243713517332225,-0.0018794336263175948,0.0013379649395420523
2019-04-19,0.003987240829345984,0.0008976660682225024,0.0005037920564252563,0.0018812406540928972,0.0007367731674225997,0.0021469099831314953,0.0015220511805176251,-0.0018829725482424342,0.0013963113286644792
2019-04-22,-0.00047656870532164497,0.0001793721973093465,0.004199999999999093,0.0014684641309581359,0.0021268887824188454,-0.0004590665646515557,-0.0013096929634891508,0.0021560283687942494,0.0008406131938029637
2019-04-23,-0.0004767959313413117,0.00017934002869446353,0.0041824337781308785,0.001466310905987811,0.0008201851052807019,-0.0004592774035514502,-0.0013114105086046157,0.0021513899111136325,0.000674543323542809
2019-04-24,-0.0004770233741454577,0.00017930787161568595,0.004165013883378865,0.0014641639863663958,0.0005340428011086917,-0.0004594884362072449,-0.0013131325644487601,0.0021467713688492207,0.0006360605264017661
2019-04-25,-0.0004772510340438352,0.0001792757260665745,0.004147738494962416,0.0014620233444382347,0.0011703851790008102,-0.00045969966288661457,-0.0013148591488147954,0.0021421726140145037,0.0007129050158165117
2019-04-26,-0.00047747891134808373,0.00017924359204157803,0.004130605822186384,0.0014598889527090986,0.0011690169788545202,-0.0004599110838567899,-0.0013165902795890805,0.0021375935197165408,0.0007100521872023425
2019-04-29,0.001990445859872514,0.0022401433691756623,0.0012663289789414112,0.001852073127016407,0.001748573353910876,0.0007668711656436678,-0.00264287046825451,-0.0013682290204883873,0.0009252228183395383
2019-04-30,0.0019864918553833544,0.002235136343316846,0.0012647274179615753,0.0018486492933387222,-0.00010824937563114201,0.0007662835249035993,-0.0026498737413099827,-0.0013701036360441732,0.0006902117523147594
2019-05-06,0.0017446471054718415,0.001784121320249854,-0.0003722909187613421,0.0018452380952380665,-0.002435874633650137,0.00030627871362920445,0.0021380345086270403,0.003264616900021,0.0010044635525897961
2019-05-07,0.001741608613046175,0.0017809439002671734,-0.0003724295709084391,0.0018418394628958445,0.000903086773847761,0.0003061849357008928,0.0021334730695812265,0.003253993856684012,0.001418930132480767
2019-05-08,0.0017385806859493425,0.001777777777777878,-0.0003725683263702262,0.0018384533270074943,0.0009022719439883975,0.00030609121518199167,0.0021289310525136607,0.003243439723748409,0.0014159383557000528
2019-05-09,0.0017355632691700151,0.0017746228926354135,-0.0003727071852626107,0.0018350796187769358,0.000901458583200343,0.00030599755201943246,0.0021244083336438013,0.003232953832861929,0.001412960330445201
2019-05-10,0.0017325563080798911,0.001771479185119551,-0.0003728461477008338,0.0018317182699125745,4.0587082485776804e-05,0.0003059039461605906,0.002119904790240934,0.0032225355242869735,0.0013024885016365063
2019-05-13,0.0011006289308177486,0.0007073386383731339,0.004635673371520488,0.000424653494544458,0.0008774184570929933,0.002140672782874553,-0.0006803983423022686,0.005067497403945964,0.001657332290080915
2019-05-14,0.0010994188785926617,0.0007068386640749491,0.004614283062399416,0.00042447324049943447,0.0010214701833051176,0.0021361000915474104,-0.0006808615994057243,0.0050419473488449995,0.0016696334542916913
2019-05-15,0.0010982114841544544,0.0007063393960797804,0.00459308924847579,0.0004242931394156102,0.0011245925040057614,0.0021315468940317217,-0.0006813254877672259,0.005016653645298019,0.0016768671121682233
2019-05-16,0.0010970067387554572,0.0007058408328923793,0.004572089234569754,0.0004241131910984741,0.0005356526966586728,0.002127013065937655,-0.0006817900086772966,0.004991612454482208,0.0015976409996449337
2019-05-17,0.001095804633688191,0.0007053429730206062,0.004551280374565536,0.0004239333953532931,0.00018680034125506673,0.002122498483929647,-0.0006822551634312335,0.004966820013841966,0.0015484731531694386
2019-05-20,0.00015637216575448143,0.00017621145374446812,0.004413487827104712,0.000882820316638222,-0.00034850048520962407,0.0006051437216352262,-0.0010054617676266142,0.005860509081088372,0.001134302594155348
2019-05-21,0.00015634771732320196,0.00017618040873856877,0.004394094544322158,0.0008820416323649383,1.5408706304231856e-05,0.0006047777441799962,-0.0010064737384907207,0.005826363624159336,0.0011741756158689888
2019-05-22,0.00015632327653580802,0.0001761493746696985,0.004374870947758458,0.0008812643205451387,0.0009726595980328323,0.0006044122091279913,-0.0010074877484516076,0.0057926137501167485,0.001288272913814631
2019-05-23,0.00015629884338852484,0.00017611835153230615,0.0043558148200484315,0.000880488377553279,0.0009717144506460329,0.0006040471156760763,-0.001008503803677896,0.005759252624175648,0.0012826513641690685
2019-05-24,0.00015627441787779972,0.0001760873393201745,0.004336923982293017,0.0008797137997771376,0.0002748916292629744,0.0006036824630257787,-0.0010095219103644082,0.005726273568101847,0.0011900998756666226
2019-05-27,0.00015625000000007994,0.002288732394366111,-0.002267371504999671,-0.00019922653228643394,0.0006918446885504359,0.0013574660633473012,-0.0008332070898348087,-0.0038045260741226272,-5.8565928705686795e-05
2019-05-28,0.00015622558975159073,0.002283506060073881,-0.0022725241615279,-0.00019926623140675837,0.00016900066831748717,0.0013556258472653404,-0.0008339019028126282,-0.0038190557713834172,-0.00012702775439493166
2019-05-29,0.00015620118712900144,0.002278303540133031,-0.0022777002904705856,-0.00019930594635142462,0.00015937142374733426,0.0013537906137173206,-0.0008345978755690542,-0.003833696873553949,-0.00013134701813796723
2019-05-30,0.00015617679212875935,0.0022731246721456877,-0.0022829000525835808,-0.0001993456771303137,0.0003974051555148961,0.0013519603424958504,-0.0008352950110106505,-0.0038484506668435836,-0.00010471786723016414
2019-05-31,0.0001561524047470897,0.002267969295184802,-0.002288123610093451,-0.00019938542375264046,0.0013970822474598243,0.001350135013500342,-0.000835993312053418,-0.003863318457337006,1.7107072029845342e-05
2019-06-03,0.0003903200624510994,-0.0017406440382942145,-0.0013126720590321828,-0.0009238078479676393,0.0007243960491665202,-0.003745318352059157,-0.0008366927816232383,0.0009862922099630467,-0.0009055800871047181
2019-06-04,0.0003901677721420693,-0.0017436791630339732,-0.001314397431815273,-0.0009246620580334319,0.0006415264883445904,-0.003759398496240074,-0.0008373934226552082,0.0009853203961323054,-0.0009189754751147195
2019-06-05,0.0003900156006240163,-0.0017467248908297206,-0.0013161273462192202,-0.00092551784927275,0.00027175629201847684,-0.0037735849056598214,-0.0008380952380951934,0.000984350495512043,-0.00096825153291685
2019-06-06,0.00038986354775816245,-0.0017497812773403787,-0.0013178618201993286,-0.0009263752260797453,0.00032142713648863896,-0.0037878787878780074,-0.0008387982308983855,0.0009833825024583298,-0.0009651157436818602
2019-06-10,0.0009353078721745511,0.000525854513584445,-0.0013196008718060481,0.0004827505004121324,-4.303444476994045e-05,0.0018250950570344315,-0.000839502404029524,-5.328360197154325e-05,0.00032666443559357656
2019-06-11,0.0009344338888022108,0.0005255781359494449,-0.001321344519185641,0.00048251756481620944,-4.3036296812903885e-05,0.0018217701533327357,-0.0008402077604643399,-5.3286441265121276e-05,0.0003257186131215616
2019-06-12,0.0009335615372647599,0.0005253020486781779,-0.0013230927805796266,0.0004822848539027813,-0.001830555938119427,0.0018184573420216843,-0.0008409143031877786,-5.328928086101303e-05,0.00010133461720477073
2019-06-13,0.000932690812995407,0.0005250262513125659,-0.001324845674326558,0.00048205236734744084,0.0015732942405153327,0.0018151565572535056,-0.0008416220351952219,-5.3292120759995676e-05,0.0005258733861888909
2019-06-14,0.0009318217114460126,0.0005247507433967513,-0.0013266032188627985,0.00048182010482533677,-8.609869590059382e-06,0.0018118677336556033,-0.0008423309594914885,-5.329496096151409e-05,0.00032719439374758467
2019-06-17,0.0007757951900699833,0.0007867132867132032,0.0008474576271189083,0.001656193105068482,-8.60994372076096e-06,-0.0004521477015821951,0.0030926533703610204,0.002251832111925367,0.0009916963223891434
2019-06-18,0.0007751937984494806,0.0007860948554458957,0.0008467400508047618,0.0016534546648530046,0.0008189083645386841,-0.00045235223160400295,0.0030831183539923313,0.0022467727568833418,0.0010930489581857106
2019-06-19,0.0007745933384972759,0.0007854773957061134,0.0008460236886633776,0.0016507252654622828,-0.0007016202265469618,-0.00045255694674883884,0.003073641952076267,0.0022417360853186352,0.0009009053705884257
2019-06-20,0.0007739938080495445,0.0007848609052061306,0.0008453085376165514,0.0016480048621987375,-1.6261469114930982e-05,-0.00045276184726805724,0.0030642236257896194,0.002236721945021669,0.0009845072648764024
2019-06-21,0.0007733952049497894,0.0007842453816659933,0.0008445945945949607,0.0016452934106583328,-1.6261733554623348e-05,-0.00045296693341356775,0.0030548628428928026,0.002231730185141112,0.0009824487698811835
2019-06-24,0.0006182380216381844,0.0007836308228124089,0.0018954884777662162,0.0010018639328983614,-0.0002372338532751206,0.0004531722054377241,-0.0012057927776741861,0.004137294946966241,0.00085653398214198
2019-06-25,0.0006178560395428967,0.0007830172263791901,0.0018919023985688455,0.0010008612061540578,-0.0004554439909097985,0.0004529669334136788,-0.0012072484691592056,0.004120248264640525,0.0008267434012109139
2019-06-26,0.000617474529175599,0.0007824045901068111,0.001888329862772098,0.000999860484583559,0.001347809522351584,0.00045276184726805724,-0.0012087076796549745,0.004103341479032574,0.0010496512620644326
2019-06-27,0.000617093489663878,0.0007817929117441835,0.0018847707937976743,0.000998861762177894,0.0009129443075286403,0.00045255694674883884,-0.0012101704219378284,0.00408657287504699,0.0009928095856275355
2019-06-28,0.0006167129201355426,0.0007811821890462145,0.001881225115643037,0.0009978650329527383,0.0009121116004349172,0.00045235223160400295,-0.0012116367088449431,0.004069940765511815,0.000990237097522312
2019-07-01,0.00046224961479190974,0.0006938421509106174,0.003575332776028173,0.0009968702909470828,-0.0053818026367045135,0.00045214770158197304,-8.754377188591178e-05,-0.0024010843606789845,-0.00019821015878067612
2019-07-02,0.000462036038811231,0.000693361067776177,0.0035625953122404574,0.0009958775302236766,0.00034921560801670637,0.0004519433564322828,-8.75514364689911e-05,-0.0024068634428499047,0.0005160557550251577
2019-07-03,0.000461822660098532,0.0006928806513077923,0.00354994828312849,0.000994886744869472,0.00012659441833906548,0.0004517391959040218,-8.7559102393997e-05,-0.002412670411062079,0.0004861233984648606
2019-07-04,0.00046160947838114197,0.0006924009001212372,0.0035373907289830697,0.0009938979289940697,0.0001246605397609013,0.00045153521974694577,-8.756676966192867e-05,-0.002418505467642662,0.0004837834974996181
2019-07-05,0.0004613964933868342,0.0006919218128351723,0.003524921703628614,0.0009929110767312732,0.00048515669794468863,0.0004513314277114766,-8.757443827256406e-05,-0.0024243688168819055,0.0005267537767719322
2019-07-08,0.0004611837048422718,0.0017286084701815252,0.0006949270326612744,0.0006459054209919657,0.0013205963191917913,0.0006015037593980477,-0.00048795746011887076,-0.0006140981250407629,0.0006237942524364104
2019-07-09,0.0004609711124770044,0.0017256255392579245,0.0006944444444441089,0.0006454884964728347,0.00029286612573109494,0.0006011421701228592,-0.0004881956788423958,-0.0006144754732768654,0.0004946324802866442
2019-07-10,0.0004607587160190274,0.0017226528854434875,0.0006939625260231619,0.0006450721098465451,0.00045352254982811147,0.0006007810153194626,-0.0004884341302741069,-0.000614853285540562,0.0005140207359974779
2019-07-11,0.0004605465151981125,0.0017196904557179593,0.0006934812760053255,0.0006446562600728178,0.000453316960364214,0.0006004202942055947,-0.0004886728147553976,-0.0006152315626881677,0.000513302932179055
2019-07-12,0.00046033450974358736,0.0017167381974247942,0.0006930006930003785,0.0006442409461138165,0.00040913870567416133,0.0006000600060001027,-0.0004889117326279946,-0.0006156103055784401,0.0005070902289281643
2019-07-15,0.0006134969325153339,8.568980291334682e-05,-0.0013472676907581027,0.0005518510002300303,-0.00039941597358450487,-0.0008245877061471285,-0.0007650821522638962,-0.0037221494102227526,-0.0005832056926015517
2019-07-16,0.0006131207847948072,8.568246080020714e-05,-0.001349085269754191,0.0005515466286711845,-0.00015103574193864322,-0.0008252682121692168,-0.0007656679511478526,-0.003736055567249097,-0.0005539867629596768
2019-07-17,0.0006127450980391025,8.567511994517218e-05,-0.0013509077595132979,0.000551242592677692,-0.00015105855717967298,-0.0008259498423188738,-0.0007662546477741339,-0.0037500660222891113,-0.0005558292821705918
2019-07-18,0.0006123698714024517,8.566778034779787e-05,-0.0013527351799644816,0.0005509388916944413,0.0004513317154239971,-0.0008266325993839807,-0.000766842244207866,-0.0037641819531333276,-0.00048238135398582247
2019-07-19,0.000611995104039087,8.566044200786216e-05,-0.0013545675511446031,0.0005506355251687634,0.0004511281070016526,-0.0008273164861615223,-0.000767430742520725,-0.00377840455537215,-0.00048426897189963184
2019-07-22,0.0003058103975535076,8.5653104925143e-05,-0.002649426380173736,8.02568218298827e-05,-1.7196280255316054e-05,-0.0008280015054573653,-0.00023921938936111165,-0.004513888888888928,-0.0007978515985923641
2019-07-23,0.0003057169061448928,8.564576909897426e-05,-0.0026564644872644205,8.02503811894173e-05,0.0004987007031505009,-0.0008286876600875903,-0.00023927662897016422,-0.004534356470177858,-0.000736239620825313
2019-07-24,0.0003056234718827877,8.563843452935593e-05,-0.0026635400869154946,8.024394158234749e-05,5.2200605654917354e-05,-0.0008293749528767158,-0.0002393338959778557,-0.004555010511562818,-0.0007949498380106446
2019-07-25,0.0003055300947143458,8.563110121584394e-05,-0.0026706534795166714,8.023750300889532e-05,5.219788089361188e-05,-0.0008300633866588081,-0.00023939119040417012,-0.00457585357268564,-0.0007978707298821275
2019-07-26,0.00030543677458760854,8.562376915821623e-05,-0.002677804968673536,8.023106546861669e-05,5.2195156417189636e-05,-0.0008307529642778144,-0.00023944851226864738,-0.004596888260254617,-0.0008008147594637528
2019-07-29,0.0001374045801527668,-0.0007705479452053687,-0.0011048304213765459,-0.000676179015529188,-0.0001814005266375096,-0.0016628873771726838,-0.0015000630278583227,-0.003074190463178028,-0.0010195104453459198
2019-07-30,0.00013738570272781025,-0.0007711421472025304,-0.0011060524217398893,-0.0006766365429606847,0.0006684389848898853,-0.0016656571774678053,-0.0015023165974422659,-0.003083670252860937,-0.000915140665254538
2019-07-31,0.0001373668304893716,-0.0007717372663350597,-0.0011072771282889526,-0.000677094689971014,0.00026719698907551326,-0.0016684362202331604,-0.0015045769483638116,-0.0030932086884796206,-0.0009671644875370033
2019-08-01,0.00013734796343478628,-0.0007723333047284786,-0.001108504550023981,-0.0006775534578193909,0.0003587115386747275,-0.0016712245518075708,-0.0015068441112785491,-0.0031028063159346253,-0.0009576022215819879
2019-08-02,0.0001373291015625,-0.0007729302645138603,-0.001109734695983633,-0.0006780128477688052,-0.00013860119603814613,-0.0016740222188401654,-0.0015091181170264756,-0.0031124636879236167,-0.0010216519128379703
2019-08-05,0.0007933480814708016,-0.0007735281478297162,0.007763854799120784,0.0002874885004600092,-0.00013862040899248473,-0.001676829268292268,0.0008001524099827684,0.0058697009644070874,0.0012134279285868272
2019-08-06,0.0007927191792309607,-0.0007741269568209974,0.0077040417377027826,0.00028740587457609656,-0.00013863962727445056,-0.001679645747441949,0.0007995126779867245,0.005835448625979511,0.0012033380563248098
2019-08-07,0.0007920912732866103,-0.0007747266936385389,0.007645143235128771,0.00028732329617287,-0.00017936603646950822,-0.0016824717038845804,0.000798873968121061,0.005801593723855136,0.0011882896815379406
2019-08-08,0.0007914643612731975,-0.0007753273604411692,0.007587138474744348,0.0002872407652094733,-0.0001793982144162598,-0.0016853071855366109,0.0007982362779384022,0.005768129380642195,0.0011784552044759589
2019-08-09,0.0007908384408314983,-0.0007759289593929353,0.0075300072668949,0.00028715828164482815,-0.00017943040391033005,-0.0016881522406380078,0.0007975996049982559,0.00573504887671672,0.0011687451456978831
2019-08-12,0.0009877668870146294,0.00017256255392572584,-0.0006963874898956446,-3.4449101452560527e-05,0.0001651437800933575,0.0008455034588781274,-0.00012650221378873727,-0.0029522782421138594,-6.030502477695211e-05
2019-08-13,0.0009867921663881951,0.00017253278122830729,-0.0006968727833839283,-3.445028823401142e-05,0.00016511651212858247,0.0008447891866987245,-0.00012651821862341706,-0.0029610199970254714,-6.149070176917628e-05
2019-08-14,0.0009858193675589266,0.0001725030188028942,-0.0006973587537197901,-3.4451475097396767e-05,0.00016508925316705003,0.000844076120319226,-0.0001265342275085235,-0.002969813674703614,-6.268116733232912e-05
2019-08-15,0.0009848484848484773,0.00017247326664371343,-0.0006978454023196523,-3.4452662042272486e-05,0.0001650620032038752,0.0008433642566896271,-0.00012655024044538887,-0.0029786597391292524,-6.387646931695637e-05
2019-08-16,0.000983879512601371,0.00017244352474565794,-0.0006983327306051557,-3.445384906919369e-05,0.0008452069326039258,0.000842653592768805,-0.00012656625743578953,-0.0029875586598275827,1.9944865172363856e-05
2019-08-19,0.00019658248903664521,0.000517241379310196,0.00029949460285760843,0.0003790053979555452,0.00043273125864518036,0.000841944125526517,0.00026582278481024346,-0.000355750153930412,0.00035578900452983844
2019-08-20,0.00019654385195733148,0.0005169739789765426,0.0002994049326963122,0.00037886180728574637,0.00023056314571734404,0.0008412358519427343,0.0002657521418356623,-0.00035587675714143785,0.00033031920329593123
2019-08-21,0.00019650523006231602,0.0005167068549776221,0.00029931531621407714,0.0003787183253762816,0.00016669111469691522,0.0008405287690074204,0.00026568153639838776,-0.0003560034504950238,0.0003221366483279975
2019-08-22,0.00019646662334338316,0.0005164400068859987,0.0002992257533631637,0.00037857495210458225,0.00016666333340009665,0.0008398228737214186,0.0002656109684679997,-0.0003561302340870931,0.00032193486005511194
2019-08-23,0.000196428031790985,0.0005161734342737923,0.00029913624409516615,0.00037843168734652544,0.0007598581598109444,0.0008391181630942324,0.0002655404380154103,-0.0003562571080144572,0.00039588613267814714
2019-08-26,-0.0001402781824263455,0.0005159071367153434,0.0015699956389008118,0.001169255459391394,-0.00036727136406211613,0.00015243902439010526,-2.5282851905727988e-05,0.0004797477897333646,0.00038190426639087005
2019-08-27,-0.000140297863155725,0.0005156411137847705,0.0015675346163892545,0.0011678898977525165,-0.0003674063018759277,0.00015241579027569507,-2.5283491144501014e-05,0.00047951774215637677,0.00038140119236039776
2019-08-28,-0.00014031754940790897,0.0005153753650577464,0.0015650812972782813,0.0011665275220438254,-0.00036754133887983986,0.00015239256324295347,-2.5284130415470507e-05,0.0004792879150976592,0.0003808993379254638
2019-08-29,-0.00014033724118567292,0.0005151098901099438,0.0015626356454552237,0.0011651683211295616,-0.0007696440205926525,0.00015236934328788365,-2.5284769718969535e-05,0.0004790583082396882,0.00033015275479653106
2019-08-30,-0.00014035693849123732,0.0005148446885188118,0.0015601976250323446,0.0011638122839245924,-0.00033173566386979214,0.00015234613040826517,-2.5285409054776053e-05,0.0004788289212667163,0.00038440877329665445
2019-09-02,-0.00014037664132704464,0.0013722126929673895,-7.417939049259026e-05,0.0005470397173628072,0.000310866994698733,8.462384700003156e-05,0.00029078955686201446,0.0015451934910433174,0.0004808876895450232
2019-09-03,-0.00014039634969487125,0.0013703323055842542,-7.418489348276491e-05,0.0005467406285240006,0.00013155310837076328,8.461668641057685e-05,0.00029070502287731337,0.0015428095517662221,0.0004579025815729165
2019-09-04,-0.00014041606359760372,0.0013684570646594896,-7.41903972895086e-05,0.0005464418665541704,0.00010675369634460807,8.46095270325975e-05,0.00029062053802708654,0.0015404329570858355,0.0004542333343588612
2019-09-05,-0.00014043578303768456,0.0013665869490946392,-7.419590191293235e-05,0.000546143430918633,0.0010864841373328105,8.460236886631556e-05,0.0002905361022687014,0.0015380636731139319,0.000576131863616891
2019-09-06,-0.00014045550801677908,0.0013647219379051556,-7.420140735336922e-05,0.0005458453210822611,-0.000298934877893009,8.45952119110649e-05,0.0002904517155593034,0.0015357016661683431,0.00040238824910600047
2019-09-09,-0.00014047523853777388,0.00037857278061714794,-0.0034561182913170896,0.0007103483548331901,-0.00029902426667582915,8.458805616640142e-05,0.0012940285317510902,-0.0006106248727865138,-0.00017745311247871492
2019-09-10,-0.00014049497460277838,0.00037842951750244325,-0.003468104470613964,0.0007098441182316062,-0.0002991137089330964,8.458090163232512e-05,0.0012923561859732313,-0.0006109979633400764,-0.00017895600695596873
2019-09-11,-0.0001405147162144571,0.000378286362776592,-0.0034801740778922508,0.0007093405969811339,0.0017513869116698721,8.457374830861397e-05,0.0012906881571490558,-0.0006113715100876105,7.585700472890756e-05
2019-09-12,-0.0001405344633744754,0.00037814331631680353,-0.0034923279872246527,0.0007088377895603237,0.0025482929576206015,8.456659619437978e-05,0.0012890244285850283,-0.0006117455138663352,0.00017396275351752588
2019-09-16,0.00196775902520252,0.0003780003780002872,-0.0035045670849387367,0.00038533461778200717,0.0005446070148000803,0.0009132420091317872,0.0006279829188644559,-0.0035638985241106536,-3.895535309554328e-05
2019-09-17,0.001963894553969281,0.00037785754770447433,-0.003516892269828653,0.0003851861922079536,0.0006637933895665693,0.0009124087591232399,0.0006275888038158595,-0.0035766453251062647,-2.7348302270541235e-05
2019-09-18,0.0004900113079533419,0.0003777148253070184,-0.0035293044533787343,0.00038503788093269264,0.00034115300238557467,0.0009115770282583924,0.0006271951831409162,-0.003589483634968582,-0.00029148995587804385
2019-09-19,0.0004897713144709215,0.00037757221068535074,-0.0035418045599852066,0.0003848896838245519,0.0003410366567062617,0.0009107468123854545,0.0006268020559108134,-0.003602414442657076,-0.0002942873514755363
2019-09-20,0.00016317718531899672,0.00037742970371779094,-0.0035543935271878935,0.00038474160075141484,0.0003437613936034811,0.0009099181073697338,0.0006264094211976268,-0.0036154387514316655,-0.0003457006619868531
2019-09-23,0.00016315056286941854,-0.0010186757215620013,0.0010850140413578568,0.0003959052089812509,0.0003436432623167285,-0.0013636363636353455,0.0001752848378615557,-0.0009417630358008466,-0.00020857708509508519
2019-09-24,0.00016312394910533712,-0.0010197144799455327,0.0010838380618420906,0.0003957485300769559,0.0013362468309139341,-0.0013654984069176868,0.000175254118471857,-0.0009426507894700897,-8.516978145543528e-05
2019-09-25,0.00016309734402231157,-0.0010207553589657303,0.0010826646287094288,0.00039559197513416855,0.00018712734014925125,-0.0013673655423872555,0.00017522340984754692,-0.0009435402184017061,-0.0002294788371736467
2019-09-26,0.00016307074761656715,-0.001021798365122506,0.0010814937336978137,0.0003954355440063395,0.0017291866869628691,-0.0013692377909622078,0.00017519271198329633,-0.0009444313273426763,-3.739152056522754e-05
2019-09-27,0.00016304415988366294,-0.00102284350494386,0.0010803253685811587,0.0003952792365462532,-9.621452442731826e-05,-0.0013711151736734983,0.00017516202487311006,-0.0009453241210570784,-0.00026623776155546843
2019-09-30,0.00039124219396580173,0.0008532423208191808,0.005522757569990322,0.001332129148791994,0.0008462032642482242,0.0012204424103730016,-0.001688766574931111,-0.0015306477422946108,0.0008723649156801849
2019-10-08,0.00039108918337582566,0.0008525149190110604,-0.003216123499143686,0.0013303569415319405,0.0008454878097037266,0.0012189547463041794,0.0002506108639808158,-0.002578217545815664,8.69914031102647e-05
2019-10-09,0.00039093629242015204,0.0008517887563885829,-0.003226500322651371,0.0013285894433434642,0.00015821846014452134,0.0012174707046102018,0.00025054807391167166,-0.002584881933771155,-1.2030673022468056e-06
2019-10-10,0.00039078352095955893,0.0008510638297873907,-0.003236944324558788,0.0013268266354826697,0.00029378780046473985,0.0012159902720769722,0.00025048531529825446,-0.002591580864327314,1.3448460558229572e-05
2019-10-11,0.00039063086885327003,0.0008503401360542284,-0.003247456159343187,0.0013250684993038053,0.0007323710843296638,0.001214513435554121,0.00025042258811747153,-0.0025983146067416474,6.596779622669027e-05
2019-10-14,4.505519261099877e-05,0.0013593882752762632,0.0005212858384013863,0.00020186161265001168,0.0010591855183137433,0.0,0.0006509357200976673,0.0026191649651481352,0.0007474360639182775
2019-10-15,4.5053162732067165e-05,0.0013575428474461582,0.0005210142410561058,0.00020182087276321425,0.0010148401579834765,0.0,0.0006505122784192796,0.0026123228606340643,0.0007408569683810152
2019-10-16,4.505113303610031e-05,0.0013557024233179504,0.000520742926575446,0.00020178014931748756,0.00040552452062314615,0.0,0.0006500893872907199,0.0026055164105509565,0.0006636609896373991
2019-10-17,4.5049103522876166e-05,0.0013538669825690075,0.00052047189451776,0.0002017394423023955,0.0003209101085748234,0.0,0.0006496670456392906,0.0025987453369289426,0.0006520570344820342
2019-10-18,4.504707419239473e-05,0.0013520365049857208,0.0005202011444425114,0.00020169875170883422,-0.002022398343059395,0.0,0.0006492452523940706,0.00259200936467896,0.0003581206641094515
2019-10-21,0.0007807807807806988,0.0005063291139240089,0.0005199306759100519,-0.00021286130405562265,4.511681024044201e-05,0.0,-0.000511572774346547,0.0004308847035929819,0.00021602268299445728
2019-10-22,0.0007801716377602297,0.0005060728744938903,0.0005196604884809553,-0.0002129066236370436,0.00012970497756947807,0.0,-0.0005118346150004838,0.00043069912192938986,0.00022638897062065845
2019-10-23,0.0007795634444711652,0.0005058168942844166,0.0005193905817173494,-0.000212951962520469,-0.00042665523907103875,0.0,-0.0005120967238299023,0.0004305137000570891,0.00015663690640885242
2019-10-24,0.0007789561986937255,0.0005055611729019027,0.0005191209551824727,-0.00021299732071777822,-7.521363029949768e-06,0.0,-0.0005123591012471396,0.00043032843776891205,0.00020882179944130275
2019-10-25,0.00077834989821568,0.00050530570995444,0.0005188516084402295,-0.00021304269824184985,8.461597041864444e-05,0.0,-0.0005126217476650874,0.0004301433348596895,0.00022013231981110045
2019-10-28,0.0,-0.0011784511784512786,-0.000518582541053747,-0.0007738462401165602,-0.0006016626571462291,0.0,-0.000512884663497637,0.0003328710124825829,-0.0004185659081324206
2019-10-29,0.0,-0.0011798415641326443,-0.0005188516084392303,-0.0007744455418874363,-0.002075104484240309,0.0,-0.0005131478491595676,0.0003327602462426249,-0.0006030939090214821
2019-10-30,0.0,-0.0011812352345595967,-0.0005191209551818066,-0.0007750457726307669,-0.0005240966637797273,0.0,-0.0005134113050664357,0.00033264955369505245,-0.00040956636039057024
